date,exchus,exjpus,exukus,exeuus
1971-01-31,,358.02,0.4156621498046388,
1971-02-28,,357.545,0.4135991397137894,
1971-03-31,,357.5187,0.4134452391780709,
1971-04-30,,357.5032,0.4135820339964432,
1971-05-31,,357.413,0.4134452391780709,
1971-06-30,,357.4118,0.4134281461881925,
1971-07-31,,357.4043,0.4134794293983874,
1971-08-31,,355.78,0.4107450915961554,
1971-09-30,,338.021,0.404956669636349,
1971-10-31,,331.1105,0.4016709511568124,
1971-11-30,,328.752,0.401074880680223,
1971-12-31,,320.0727,0.3957888070925354,
1972-01-31,,312.72,0.3890293717175647,
1972-02-29,,305.187,0.3840688251334639,
1972-03-31,,302.5365,0.3819563805813376,
1972-04-30,,303.5605,0.3831124051796798,
1972-05-31,,304.3795,0.382789771857296,
1972-06-30,,302.4145,0.3892413685726519,
1972-07-31,,301.0305,0.4090481449666626,
1972-08-31,,301.1609,0.4081299485756265,
1972-09-30,,301.119,0.4096681687832855,
1972-10-31,,301.011,0.4175714047102054,
1972-11-30,,300.9885,0.4252604720391239,
1972-12-31,,301.2405,0.4264574182267901,
1973-01-31,,301.7882,0.4243941773118873,
1973-02-28,,278.4206,0.4119973632168754,
1973-03-31,,261.9014,0.4044652968775279,
1973-04-30,,265.4914,0.4026251157547208,
1973-05-31,,264.6505,0.3951632024025922,
1973-06-30,,264.4981,0.3881686204487229,
1973-07-31,,264.5538,0.3940886699507389,
1973-08-31,,265.22,0.403926162297532,
1973-09-30,,265.4747,0.4135136252739528,
1973-10-31,,266.3348,0.4116581590647127,
1973-11-30,,278.2625,0.4189359028068705,
1973-12-31,,280.1775,0.4315180806075775,
1974-01-31,,298.1336,0.4496402877697842,
1974-02-28,,291.0872,0.4395797617477691,
1974-03-31,,282.1648,0.4272408784072461,
1974-04-30,,277.7741,0.4186552792430713,
1974-05-31,,278.9664,0.4143016944939305,
1974-06-30,,282.97,0.4183750313781273,
1974-07-31,,290.98,0.4184800803481754,
1974-08-31,,302.2836,0.4263301500682128,
1974-09-30,,299.084,0.4316857327865314,
1974-10-31,,299.3645,0.4286326618088298,
1974-11-30,,300.075,0.430070531567177,
1974-12-31,,300.4114,0.4292950974499871,
1975-01-31,,299.6845,0.4233162595775304,
1975-02-28,,291.6583,0.4173971116119877,
1975-03-31,,287.9486,0.4135649296939619,
1975-04-30,,292.1968,0.4218163411650568,
1975-05-31,,291.4305,0.4309416074121957,
1975-06-30,,293.4662,0.4385387887558654,
1975-07-31,,296.3741,0.4577706569008927,
1975-08-31,,297.9762,0.4729697772312349,
1975-09-30,,299.909,0.4799846404915042,
1975-10-31,,302.3364,0.4861921431349669,
1975-11-30,,302.5453,0.4881859011911736,
1975-12-31,,305.67,0.4945353840067257,
1976-01-31,,304.6357,0.4929508035098097,
1976-02-29,,301.5944,0.493534695489093,
1976-03-31,,300.5183,0.5147210212065061,
1976-04-30,,299.1086,0.541623788116774,
1976-05-31,,299.004,0.5531279384921732,
1976-06-30,,299.1909,0.5668934240362812,
1976-07-31,,294.641,0.5602240896358543,
1976-08-31,,290.6259,0.5609154139555755,
1976-09-30,,287.361,0.5789717461787864,
1976-10-31,,291.189,0.6106124442816144,
1976-11-30,,295.1653,0.6104633416763324,
1976-12-31,,294.7017,0.5958055290753098,
1977-01-31,,291.0524,0.583975706610605,
1977-02-28,,285.0221,0.5846927439630475,
1977-03-31,,280.2265,0.5822755327821125,
1977-04-30,,275.2071,0.5817335660267597,
1977-05-31,,277.4262,0.5819028222286878,
1977-06-30,,272.8609,0.5816997266011285,
1977-07-31,,264.8632,0.5805178218971323,
1977-08-31,,266.6774,0.5748117491521526,
1977-09-30,,266.77,0.5736905513166198,
1977-10-31,,254.7445,0.5646208570944611,
1977-11-30,,244.7026,0.5501155242600946,
1977-12-31,,241.0229,0.5391998274560552,
1978-01-31,,241.081,0.5167157546633597,
1978-02-28,,240.3722,0.5155702206640544,
1978-03-31,,231.8574,0.5247966413014957,
1978-04-30,,221.857,0.5406282099799968,
1978-05-31,,226.1786,0.5500247511138001,
1978-06-30,,214.1064,0.5443065534509036,
1978-07-31,,199.6955,0.527732334160114,
1978-08-31,,188.7096,0.5153045449860868,
1978-09-30,,189.9195,0.5103342689461597,
1978-10-31,,183.631,0.4981320049813201,
1978-11-30,,192.1425,0.5099959200326397,
1978-12-31,,195.955,0.5034993202759176,
1979-01-31,,197.755,0.4986785019697801,
1979-02-28,,200.5072,0.4989522003792037,
1979-03-31,,206.3236,0.4907252919815488,
1979-04-30,,216.2852,0.4822763443453099,
1979-05-31,,218.4141,0.4857434303201049,
1979-06-30,,218.5967,0.473507268336569,
1979-07-31,,216.51,0.4425170369059209,
1979-08-31,,217.9257,0.4470672389127324,
1979-09-30,,222.4137,0.4552490212146044,
1979-10-31,,230.4845,0.4664614236402649,
1979-11-30,,244.9842,0.4683402023229674,
1979-12-31,,240.3745,0.4544008724496751,
1980-01-31,,237.8886,0.4416766043902655,
1980-02-29,,244.35,0.436852911624656,
1980-03-31,,248.4786,0.4536176003628941,
1980-04-30,,250.275,0.4526115687516973,
1980-05-31,,228.6286,0.4344048653344917,
1980-06-30,,217.9176,0.4281005180016267,
1980-07-31,,221.1364,0.4213719871902916,
1980-08-31,,223.9138,0.4218697266284172,
1980-09-30,,214.4167,0.4164584374479428,
1980-10-31,,209.3227,0.4138216428719222,
1980-11-30,,213.1059,0.4176934965122593,
1980-12-31,,209.4886,0.4262756298222431,
1981-01-31,1.5518,202.3667,0.4161638020724958,
1981-02-28,1.6131,205.7167,0.4359007889804281,
1981-03-31,1.6314,208.7918,0.4480487477037502,
1981-04-30,1.666,214.9759,0.4597067071208569,
1981-05-31,1.727,220.6285,0.4788354721317755,
1981-06-30,1.7605,224.1805,0.506636943965954,
1981-07-31,1.7647,232.3261,0.53370336766825,
1981-08-31,1.8003,233.3262,0.54935999560512,
1981-09-30,1.7542,229.481,0.5510856387082552,
1981-10-31,1.7576,231.519,0.5432715814635737,
1981-11-30,1.7409,223.1267,0.5256241787122208,
1981-12-31,1.7405,218.9545,0.5254032469920664,
1982-01-31,1.7713,224.805,0.5302226935312832,
1982-02-28,1.82,235.3056,0.5414185165132648,
1982-03-31,1.8429,241.2283,0.5539245554755443,
1982-04-30,1.8565,244.1068,0.5643340857787811,
1982-05-31,1.8123,236.9635,0.552364118426867,
1982-06-30,1.9014,251.1977,0.5693788077207766,
1982-07-31,1.93,255.031,0.5762360262763628,
1982-08-31,1.9432,259.0455,0.5797101449275363,
1982-09-30,1.9567,263.2857,0.5841121495327103,
1982-10-31,1.9887,271.615,0.5895531187359981,
1982-11-30,2.0002,264.0879,0.6127075546841492,
1982-12-31,1.9445,241.9413,0.6188118811881188,
1983-01-31,1.9238,232.731,0.6346788525006347,
1983-02-28,1.9653,236.1211,0.6523582751647204,
1983-03-31,1.9834,238.2543,0.6711409395973155,
1983-04-30,1.9938,237.7467,0.6509992839007877,
1983-05-31,1.9895,234.7557,0.6360513929525505,
1983-06-30,1.9949,240.0314,0.6459948320413437,
1983-07-31,1.9966,240.516,0.6547502127938191,
1983-08-31,1.9843,244.4613,0.665513110608279,
1983-09-30,1.9867,242.3462,0.6672894701721607,
1983-10-31,1.9664,232.8855,0.6680472977486807,
1983-11-30,1.994,235.03,0.6772314777190844,
1983-12-31,1.992,234.4624,0.6974473427256243,
1984-01-31,2.049,233.8,0.7104290991759022,
1984-02-29,2.0628,233.5963,0.693625580911424,
1984-03-31,2.0646,225.2664,0.6869547296833138,
1984-04-30,2.0929,225.2,0.7037297677691766,
1984-05-31,2.1866,230.4777,0.7197351374694113,
1984-06-30,2.2178,233.5657,0.7262164124909223,
1984-07-31,2.2996,243.0676,0.7575757575757576,
1984-08-31,2.3718,242.2609,0.7614986293024673,
1984-09-30,2.5469,245.4568,0.7959882193743533,
1984-10-31,2.6488,246.7545,0.819940964250574,
1984-11-30,2.6785,243.6305,0.8069722401549386,
1984-12-31,2.7953,247.964,0.8430992327796982,
1985-01-31,2.816,254.1829,0.8872327211427558,
1985-02-28,2.8347,260.4778,0.9148293843198244,
1985-03-31,2.8533,257.9205,0.888651915044877,
1985-04-30,2.848,251.8455,0.8079502302658156,
1985-05-31,2.8556,251.7295,0.8010894816951054,
1985-06-30,2.8693,248.84,0.7807620237351656,
1985-07-31,2.8809,241.1364,0.7242702976750923,
1985-08-31,2.9093,237.4609,0.7224911494834187,
1985-09-30,2.9722,236.5275,0.7330303474563846,
1985-10-31,3.0782,214.6805,0.7034822370735139,
1985-11-30,3.2086,204.0737,0.6946373992775771,
1985-12-31,3.2095,202.7881,0.6921852287672181,
1986-01-31,3.2095,199.8905,0.7020499859590003,
1986-02-28,3.2152,184.8516,0.6994474365251452,
1986-03-31,3.2202,178.6938,0.6814774430966335,
1986-04-30,3.2143,175.0918,0.6673340006673341,
1986-05-31,3.2014,167.0314,0.657418973111564,
1986-06-30,3.2115,167.5419,0.6629101756711966,
1986-07-31,3.6435,158.6059,0.6635259770420011,
1986-08-31,3.7129,154.1771,0.6729022273063724,
1986-09-30,3.715,154.7314,0.6803646754660498,
1986-10-31,3.7257,156.4723,0.7010656197420079,
1986-11-30,3.7314,162.8494,0.7023458350891979,
1986-12-31,3.7314,162.0523,0.6947821857847565,
1987-01-31,3.7314,154.8295,0.6642752756742394,
1987-02-28,3.7314,153.4068,0.6544502617801047,
1987-03-31,3.7314,151.4332,0.6280223575959304,
1987-04-30,3.7314,142.8986,0.6130080304051984,
1987-05-31,3.7314,140.479,0.6000240009600384,
1987-06-30,3.7314,144.5495,0.6139489194499017,
1987-07-31,3.7314,150.2939,0.6215040397762586,
1987-08-31,3.7314,147.3343,0.6251562890722681,
1987-09-30,3.7314,143.291,0.6080505898090721,
1987-10-31,3.7314,143.32,0.601684717208183,
1987-11-30,3.7314,135.3974,0.5632533513574406,
1987-12-31,3.7314,128.2418,0.5468066491688539,
1988-01-31,3.7314,127.6853,0.5552779165972569,
1988-02-29,3.7314,129.1665,0.5687635081333182,
1988-03-31,3.7314,127.1139,0.5455537370430987,
1988-04-30,3.7314,124.8976,0.5324246619103397,
1988-05-31,3.7314,124.7871,0.5349023803155925,
1988-06-30,3.7314,127.4655,0.5628095452498875,
1988-07-31,3.7314,133.0215,0.5864758665180928,
1988-08-31,3.7314,133.7661,0.5894488653109343,
1988-09-30,3.7314,134.3176,0.5938242280285035,
1988-10-31,3.7314,128.6805,0.5751092707614447,
1988-11-30,3.7314,123.202,0.552944429084877,
1988-12-31,3.7314,123.6076,0.5477051155657794,
1989-01-31,3.7314,127.3625,0.5637932006540001,
1989-02-28,3.7314,127.7374,0.5703205201323144,
1989-03-31,3.7314,130.5504,0.5836348780203104,
1989-04-30,3.7314,132.0365,0.5879586077140169,
1989-05-31,3.7314,137.8636,0.6132335806708775,
1989-06-30,3.7314,143.9809,0.6439150032195751,
1989-07-31,3.7314,140.424,0.6147037128104254,
1989-08-31,3.7314,141.4852,0.6270771932024832,
1989-09-30,3.7314,145.07,0.6363347120585429,
1989-10-31,3.7314,142.2067,0.6299609424215699,
1989-11-30,3.7314,143.5343,0.6358896095637797,
1989-12-31,4.1825,143.685,0.6263701847792045,
1990-01-31,4.7339,144.9819,0.6056201550387597,
1990-02-28,4.7339,145.6932,0.5895878780732269,
1990-03-31,4.7339,153.3082,0.6155740227762388,
1990-04-30,4.7339,158.4586,0.610798924993892,
1990-05-31,4.7339,154.0441,0.5961607249314416,
1990-06-30,4.7339,153.6957,0.5846927439630475,
1990-07-31,4.7339,149.0395,0.5525472427892585,
1990-08-31,4.7339,147.4609,0.525955924893494,
1990-09-30,4.7342,138.4405,0.5320847078854953,
1990-10-31,4.7339,129.5909,0.5139802631578947,
1990-11-30,4.9714,129.2155,0.5091131249363609,
1990-12-31,5.2352,133.889,0.5203184348821479,
1991-01-31,5.2352,133.6986,0.5169027189083014,
1991-02-28,5.2352,130.5358,0.5091390458734281,
1991-03-31,5.2352,137.3867,0.5490282200505107,
1991-04-30,5.2767,137.1127,0.5715265474081271,
1991-05-31,5.3257,138.2218,0.580113702285648,
1991-06-30,5.3667,139.7475,0.6061708189367764,
1991-07-31,5.3693,137.83,0.6055834796826742,
1991-08-31,5.3725,136.8164,0.5937889674009857,
1991-09-30,5.3869,134.2995,0.5792064871126557,
1991-10-31,5.3917,130.7723,0.5803493703209331,
1991-11-30,5.3994,129.6321,0.5619240278714318,
1991-12-31,5.4232,128.0395,0.5472854640980735,
1992-01-31,5.4618,125.4614,0.552791597567717,
1992-02-29,5.4776,127.6989,0.5624929688378895,
1992-03-31,5.4871,132.8627,0.580113702285648,
1992-04-30,5.5098,133.5395,0.5692815666628714,
1992-05-31,5.5182,130.771,0.5526388505111909,
1992-06-30,5.4893,126.8355,0.5390544984097893,
1992-07-31,5.4564,125.8817,0.5214579965583772,
1992-08-31,5.4417,126.231,0.5145621076463929,
1992-09-30,5.5048,122.5967,0.5415651232060655,
1992-10-31,5.5486,121.1652,0.6049972775122512,
1992-11-30,5.6134,123.88,0.6549646319098769,
1992-12-31,5.8106,124.0409,0.6447453255963894,
1993-01-31,5.7796,124.9932,0.6525285481239804,
1993-02-28,5.7874,120.7595,0.6946856547412296,
1993-03-31,5.7455,117.0174,0.684134911404529,
1993-04-30,5.7202,112.4114,0.6473748948015796,
1993-05-31,5.7392,110.343,0.6461200491051237,
1993-06-30,5.7504,107.4118,0.6630420368651373,
1993-07-31,5.7756,107.6914,0.6686726847208291,
1993-08-31,5.7906,103.765,0.670510929328148,
1993-09-30,5.8015,105.5748,0.6558237145855195,
1993-10-31,5.8013,107.02,0.6656460094521733,
1993-11-30,5.8086,107.8765,0.6753106428957321,
1993-12-31,5.821,109.913,0.670555890833501,
1994-01-31,8.7219,111.4415,0.6701065469409636,
1994-02-28,8.7249,106.3011,0.6760411032990805,
1994-03-31,8.7241,105.0974,0.6702862122126148,
1994-04-30,8.7251,103.4843,0.6746272684341902,
1994-05-31,8.6859,103.7533,0.6648052120728627,
1994-06-30,8.6836,102.5264,0.6552221202987812,
1994-07-31,8.6605,98.445,0.6465377901338334,
1994-08-31,8.6072,99.9404,0.6484243288808196,
1994-09-30,8.5581,98.7743,0.6385288295766554,
1994-10-31,8.5492,98.353,0.6225099601593626,
1994-11-30,8.537,98.044,0.6292474200855777,
1994-12-31,8.5033,100.1824,0.6415602745877975,
1995-01-31,8.4608,99.766,0.6350819255683984,
1995-02-28,8.4553,98.2368,0.6361323155216285,
1995-03-31,8.4483,90.5196,0.6249218847644045,
1995-04-30,8.4421,83.6895,0.6221613886642196,
1995-05-31,8.337,85.1127,0.6299609424215699,
1995-06-30,8.3206,84.6355,0.6270378730875344,
1995-07-31,8.3207,87.397,0.6268806419257773,
1995-08-31,8.3253,94.7383,0.6382435537401072,
1995-09-30,8.3374,100.5455,0.6414368184733804,
1995-10-31,8.3353,100.839,0.6337537233031244,
1995-11-30,8.3334,101.94,0.64,
1995-12-31,8.335,101.8495,0.6491398896462187,
1996-01-31,8.3384,105.7514,0.6541077969649398,
1996-02-29,8.3338,105.788,0.6510416666666666,
1996-03-31,8.3495,105.94,0.6548359635911205,
1996-04-30,8.3515,107.1995,0.6596306068601583,
1996-05-31,8.3479,106.3423,0.6599788806758183,
1996-06-30,8.3424,108.96,0.6486766995329527,
1996-07-31,8.3409,109.1909,0.6439150032195751,
1996-08-31,8.3379,107.8659,0.6452029163171817,
1996-09-30,8.3341,109.931,0.6413134098634002,
1996-10-31,8.3299,112.4123,0.6303977809998108,
1996-11-30,8.3294,112.2958,0.601576129459183,
1996-12-31,8.329,113.981,0.6009976561091412,
1997-01-31,8.326,117.9124,0.6029544769369912,
1997-02-28,8.3227,122.9621,0.6151574803149606,
1997-03-31,8.3258,122.7738,0.621272365805169,
1997-04-30,8.3257,125.6377,0.6137605106487448,
1997-05-31,8.3229,119.1924,0.6126700159294204,
1997-06-30,8.3224,114.2857,0.6079396923825157,
1997-07-31,8.3162,115.3759,0.5990176111177669,
1997-08-31,8.3187,117.9295,0.6236357966947303,
1997-09-30,8.3171,120.89,0.6244925997626928,
1997-10-31,8.3135,121.0605,0.612369871402327,
1997-11-30,8.3109,125.3817,0.5921013677541594,
1997-12-31,8.3099,129.7341,0.6025185274447189,
1998-01-31,8.3094,129.5475,0.6116207951070336,
1998-02-28,8.3072,125.8516,0.6094588005850804,
1998-03-31,8.3076,129.0823,0.6017209218364523,
1998-04-30,8.3058,131.7536,0.5979788315493632,
1998-05-31,8.3084,134.896,0.6104260774020266,
1998-06-30,8.31,140.3305,0.6059137178865729,
1998-07-31,8.31,140.7874,0.6083835249741437,
1998-08-31,8.31,144.68,0.611920205605189,
1998-09-30,8.3055,134.4805,0.5944243000653867,
1998-10-31,8.2778,121.0486,0.5901794145420208,
1998-11-30,8.2778,120.2895,0.6020107157907411,
1998-12-31,8.278,117.0709,0.5985156811108451,
1999-01-31,8.2789,113.29,0.606134076857801,0.862738331464067
1999-02-28,8.2781,116.6684,0.6144015728680265,0.8926180487369454
1999-03-31,8.2792,119.473,0.6167889964843027,0.9186110600771633
1999-04-30,8.2792,119.7723,0.6215426689042203,0.9344921035417251
1999-05-31,8.2785,121.9995,0.619041723412158,0.9407337723424272
1999-06-30,8.278,120.7245,0.6269592476489029,0.9636696540425941
1999-07-31,8.2776,119.3305,0.6348803250587265,0.9643201542912248
1999-08-31,8.2772,113.2268,0.6227425582264292,0.9429514380009429
1999-09-30,8.2774,106.8752,0.6154982458299993,0.9526531389920929
1999-10-31,8.2775,105.965,0.6034274680183442,0.9340556697179152
1999-11-30,8.2782,104.6485,0.617093489663684,0.9682416731216112
1999-12-31,8.2794,102.5843,0.6198859409868585,0.9891196834817014
2000-01-31,8.2792,105.296,0.60960741282614,0.9870693909781859
2000-02-29,8.2781,109.3885,0.625,1.016880211511084
2000-03-31,8.2786,106.3074,0.6329514526235838,1.0370216737529814
2000-04-30,8.2793,105.627,0.6319914049168931,1.0583130489998942
2000-05-31,8.2781,108.3205,0.6626905235255136,1.1038745998454575
2000-06-30,8.2772,106.1255,0.6626027034190299,1.0520778537611783
2000-07-31,8.2794,108.2115,0.6633059166887768,1.0654165778819518
2000-08-31,8.2796,108.0804,0.6716367788300088,1.105583195135434
2000-09-30,8.2785,106.8375,0.6975446428571429,1.1500862564692351
2000-10-31,8.2785,108.4429,0.6893699158968704,1.1730205278592374
2000-11-30,8.2774,109.0095,0.7013606396409033,1.1693171188026192
2000-12-31,8.2771,112.209,0.6835737234260715,1.1132138483802738
2001-01-31,8.2776,116.6719,0.676818950930626,1.0665529010238908
2001-02-28,8.2771,116.2337,0.6884681583476765,1.0863661053775122
2001-03-31,8.2775,121.505,0.6922810661128419,1.100957833314984
2001-04-30,8.2771,123.771,0.6969612489545581,1.1204481792717087
2001-05-31,8.277,121.7682,0.7010164738871363,1.1424654404204273
2001-06-30,8.277,122.351,0.7132667617689016,1.1723329425556859
2001-07-31,8.2769,124.4981,0.7068136839129205,1.1607661056297156
2001-08-31,8.277,121.367,0.6957973838018369,1.1093854004881296
2001-09-30,8.2768,118.6117,0.6831534362617844,1.097213078779899
2001-10-31,8.2768,121.4536,0.6896076132680505,1.1049723756906078
2001-11-30,8.2769,122.4055,0.6965728615213151,1.1257458065968704
2001-12-31,8.2764,127.5945,0.6938180808991882,1.1220825852782765
2002-01-31,8.2771,132.6833,0.6982265046781176,1.1322463768115942
2002-02-28,8.2767,133.6426,0.7028888732691361,1.1485012059262663
2002-03-31,8.2773,131.061,0.7027406886858749,1.1407711613050422
2002-04-30,8.2772,130.7718,0.6930487213251091,1.1286681715575622
2002-05-31,8.277,126.375,0.6850253459377997,1.0905125408942202
2002-06-30,8.2767,123.2905,0.6739906989283547,1.045915699194645
2002-07-31,8.2768,117.8991,0.6424670735624799,1.0065425264217414
2002-08-31,8.2767,118.9927,0.6507027589796981,1.022390348635109
2002-09-30,8.277,121.078,0.6425496369594551,1.0197838058331634
2002-10-31,8.2772,123.9077,0.6420545746388443,1.019160211985324
2002-11-30,8.2772,121.6079,0.6364967220418815,0.9987016878058523
2002-12-31,8.2777,121.8929,0.6303977809998108,0.9809691975671964
2003-01-31,8.2775,118.8133,0.6182380216383307,0.9414422895876482
2003-02-28,8.278,119.3379,0.621929224454257,0.9272137227630969
2003-03-31,8.2773,118.6871,0.631911532385466,0.9261831990367694
2003-04-30,8.2772,119.895,0.6353643814727746,0.9206407659731173
2003-05-31,8.2769,117.3681,0.6163708086785009,0.8653513326410524
2003-06-30,8.2771,118.329,0.6020832078993317,0.8566044200788077
2003-07-31,8.2773,118.6959,0.61648480364959,0.8798944126704795
2003-08-31,8.277,118.6624,0.6273919317397578,0.8964589870013447
2003-09-30,8.2772,114.8,0.6190034045187249,0.8875477056891807
2003-10-31,8.2768,109.4955,0.5955216769890423,0.8536793580331228
2003-11-30,8.2769,109.1778,0.5918210333195242,0.8539709649871904
2003-12-31,8.277,107.7377,0.5709065996802923,0.813140348024069
2004-01-31,8.277,106.2685,0.5477951246233909,0.7912644405760405
2004-02-29,8.2771,106.7079,0.5355325871579286,0.7911392405063291
2004-03-31,8.2771,108.5157,0.5476151360823613,0.8155941603458119
2004-04-30,8.2769,107.6564,0.5546004104043037,0.8340979230961715
2004-05-31,8.2771,112.196,0.5599104143337066,0.8333333333333334
2004-06-30,8.2767,109.4336,0.5470758794244761,0.8233163181294254
2004-07-31,8.2767,109.4871,0.5423581733376722,0.8152616990053808
2004-08-31,8.2768,110.2336,0.54935999560512,0.8202772537117545
2004-09-30,8.2767,110.0914,0.5575068294586608,0.8180628272251309
2004-10-31,8.2765,108.7835,0.5531891353653814,0.7995522507395859
2004-11-30,8.2765,104.699,0.5374321491911646,0.7694083249980764
2004-12-31,8.2765,103.8104,0.5185108368764907,0.7459346561241236
2005-01-31,8.2765,103.341,0.5319997872000851,0.7620208793720947
2005-02-28,8.2765,104.9442,0.5299136240792751,0.7684623069238454
2005-03-31,8.2765,105.2543,0.5251273433807698,0.7584376185058779
2005-04-30,8.2765,107.1938,0.5273983439691999,0.7726184037703778
2005-05-31,8.2765,106.5952,0.5388221348132981,0.7875876191226273
2005-06-30,8.2765,108.7473,0.550145788633988,0.8227067050596463
2005-07-31,8.2264,111.9535,0.5712000913920147,0.8304958059961798
2005-08-31,8.1017,110.6065,0.5572893446277307,0.8133387555917039
2005-09-30,8.0919,111.239,0.5535872453498671,0.8173941474579042
2005-10-31,8.0895,114.8695,0.5665401393688744,0.8318083513558476
2005-11-30,8.084,118.454,0.5764020981036371,0.8482483671218932
2005-12-31,8.0755,118.4624,0.5728032993470042,0.8430992327796982
2006-01-31,8.0654,115.4765,0.5654189754608164,0.8246742536698005
2006-02-28,8.0512,117.8605,0.5720823798627003,0.8375209380234506
2006-03-31,8.035,117.2778,0.5733287467033598,0.8313934153641502
2006-04-30,8.0143,117.0695,0.5656108597285068,0.8147967082212988
2006-05-31,8.0131,111.7305,0.5351313747525017,0.7832693663350827
2006-06-30,8.0042,114.625,0.5424464334147003,0.7898270278808941
2006-07-31,7.9897,115.767,0.5422111370167543,0.7885813421654444
2006-08-31,7.9722,115.9243,0.5279552293965472,0.7806401249024201
2006-09-30,7.9334,117.2145,0.5308137374595254,0.7860399308284861
2006-10-31,7.9018,118.609,0.5329070077271516,0.792581437742728
2006-11-30,7.8622,117.3205,0.5228758169934641,0.7759155803848542
2006-12-31,7.8219,117.322,0.5094503031229304,0.7572889057175313
2007-01-31,7.7876,120.4471,0.510542706897432,0.7696451935657662
2007-02-28,7.7502,120.5047,0.5104905814487722,0.764525993883792
2007-03-31,7.7369,117.26,0.5135051864023826,0.7549448890231013
2007-04-30,7.7247,118.9324,0.5030434126465114,0.7400281210686006
2007-05-31,7.6773,120.7732,0.5039814534825119,0.7397544015386892
2007-06-30,7.6333,122.6886,0.5033472592741732,0.7451009611802398
2007-07-31,7.5757,121.4148,0.4912797838368951,0.7285443683520326
2007-08-31,7.5734,116.7335,0.4972650422675285,0.7338910905621605
2007-09-30,7.521,115.0435,0.4954419342053111,0.7189072609633357
2007-10-31,7.5019,115.8661,0.489021468042447,0.7025925665706457
2007-11-30,7.421,111.0729,0.4830684507994783,0.6810597289382279
2007-12-31,7.3682,112.449,0.4960071425028521,0.6868603612885501
2008-01-31,7.2405,107.8181,0.507562683991473,0.6789788158609451
2008-02-29,7.1644,107.03,0.5090094675760969,0.6775526797208483
2008-03-31,7.0722,100.7562,0.4996252810392205,0.6443298969072164
2008-04-30,6.9997,102.6777,0.5046427129592249,0.6347594261774788
2008-05-31,6.9725,104.3595,0.5089058524173028,0.6429214350006429
2008-06-30,6.8993,106.9152,0.5085435313262815,0.6425909266161162
2008-07-31,6.8355,106.8518,0.502815768302494,0.6345580303318739
2008-08-31,6.8462,109.3624,0.5300821627352239,0.6686726847208291
2008-09-30,6.8307,106.5748,0.5563901407667057,0.6972528238739367
2008-10-31,6.8358,99.9659,0.5930494603249912,0.7538067239559777
2008-11-30,6.8281,96.9656,0.6524434005350036,0.7846829880728186
2008-12-31,6.8539,91.275,0.6732193348592971,0.7401376656058027
2009-01-31,6.836,90.1205,0.6914672935970129,0.7550588945937783
2009-02-28,6.8363,92.9158,0.6933851060879213,0.7814331483941549
2009-03-31,6.836,97.855,0.7057163020465772,0.7662835249042146
2009-04-30,6.8306,98.92,0.6797172376291463,0.7576331540268202
2009-05-31,6.8235,96.6445,0.6485925541574783,0.7328154770628755
2009-06-30,6.8334,96.6145,0.6109108681043436,0.7135721421435707
2009-07-31,6.8317,94.367,0.6105751618024179,0.709622480840193
2009-08-31,6.8323,94.8971,0.6048874909266876,0.7009673349221925
2009-09-30,6.8277,91.2748,0.6126324817741836,0.6861063464837049
2009-10-31,6.8267,90.3671,0.616827041697508,0.6747183051076175
2009-11-30,6.8271,89.2674,0.6024459304777396,0.6707807888382077
2009-12-31,6.8275,89.9509,0.6162948354492789,0.6859181013786954
2010-01-31,6.8269,91.1011,0.6188884762965714,0.7009673349221925
2010-02-28,6.8285,90.1395,0.6402868485081316,0.7309941520467835
2010-03-31,6.8262,90.7161,0.6640988179041041,0.7369196757553427
2010-04-30,6.8256,93.4527,0.6522306287503261,0.7453230975627936
2010-05-31,6.8275,91.973,0.6817097279978185,0.7959882193743533
2010-06-30,6.8184,90.8059,0.677139761646804,0.8181297553792032
2010-07-31,6.7762,87.5005,0.6534239414532148,0.7805791897588011
2010-08-31,6.7873,85.3727,0.6385288295766554,0.7750135627373479
2010-09-30,6.7396,84.3571,0.641395676993137,0.7631840036632832
2010-10-31,6.6678,81.7285,0.6302388605281402,0.7193727069994965
2010-11-30,6.6538,82.518,0.626527159952384,0.7323861139592793
2010-12-31,6.6497,83.3376,0.6412311638345624,0.7563724377883669
2011-01-31,6.5964,82.625,0.6336332530731212,0.747887218607434
2011-02-28,6.5761,82.5368,0.6201935003721161,0.7322788517867604
2011-03-31,6.5645,81.647,0.6188501763723003,0.7132667617689016
2011-04-30,6.5267,83.1771,0.6105378838756945,0.6915629322268326
2011-05-31,6.4957,81.1257,0.612294881214793,0.6975933031042902
2011-06-30,6.4746,80.4259,0.6165608237252606,0.6942997986530585
2011-07-31,6.4575,79.2425,0.6188884762965714,0.7005253940455342
2011-08-31,6.4036,76.9657,0.6113964294448521,0.6976906439684644
2011-09-30,6.3885,76.7957,0.6340752013188764,0.7274314395868189
2011-10-31,6.371,76.643,0.6341958396752917,0.7282260413632392
2011-11-30,6.3564,77.5595,0.6326711375427053,0.737571913261543
2011-12-31,6.3482,77.7967,0.6415602745877975,0.7601672367920943
2012-01-31,6.3172,76.964,0.6441638752898737,0.774593338497289
2012-02-29,6.2997,78.47,0.6327512022272842,0.7554011179936546
2012-03-31,6.3125,82.4659,0.6319514661274014,0.7571168988491823
2012-04-30,6.3043,81.2524,0.625,0.7598784194528875
2012-05-31,6.3242,79.6668,0.6279829188646069,0.7808839606434484
2012-06-30,6.3633,79.3152,0.6428387760349704,0.7973845785822502
2012-07-31,6.3717,78.9348,0.6413134098634002,0.8144648965629582
2012-08-31,6.3593,78.6909,0.6360513929525505,0.8060615831049492
2012-09-30,6.32,78.1353,0.6201165819174005,0.7760962359332557
2012-10-31,6.2627,79.0132,0.6218905472636815,0.7707723138584861
2012-11-30,6.2338,81.0305,0.62625250501002,0.7789982083041208
2012-12-31,6.2328,83.7905,0.6193868070610096,0.7622532205198567
2013-01-31,6.2215,89.0581,0.6263701847792045,0.751653638003608
2013-02-28,6.2323,93.0016,0.6462453147214682,0.749232037161909
2013-03-31,6.2154,94.77,0.6631299734748011,0.7720219254226821
2013-04-30,6.1861,97.7582,0.6531252041016263,0.7677543186180422
2013-05-31,6.1416,100.9186,0.6537229522128521,0.7702380035430948
2013-06-30,6.1342,97.235,0.6454527851287679,0.7577479730241721
2013-07-31,6.1343,99.6727,0.6588049278608604,0.7640586797066015
2013-08-31,6.1213,97.8123,0.6449532408900355,0.751089079164789
2013-09-30,6.1198,99.21,0.6295247088448221,0.7482789583956899
2013-10-31,6.1032,97.77,0.6211951795254069,0.7328154770628755
2013-11-30,6.0929,100.0737,0.6211180124223602,0.7412348973389667
2013-12-31,6.0738,103.46,0.6103888176768602,0.7295010213014298
2014-01-31,6.0509,103.7614,0.607164541590771,0.7343222205903951
2014-02-28,6.0816,102.1253,0.6039376736320812,0.7317965605561654
2014-03-31,6.1729,102.3395,0.6015399422521656,0.7231703789412786
2014-04-30,6.2246,102.4582,0.5970862192500597,0.724112961622013
2014-05-31,6.238,101.7738,0.5937537109606935,0.7278550112817527
2014-06-30,6.2306,102.0629,0.5914360066240832,0.735564545788893
2014-07-31,6.1984,101.74,0.5859603890776984,0.7389344565137073
2014-08-31,6.1541,102.9438,0.5988023952095809,0.7510326699211416
2014-09-30,6.1382,107.4257,0.6138735420503376,0.7758553805570642
2014-10-31,6.1251,108.0264,0.6221226825930074,0.7888301648655044
2014-11-30,6.1249,116.2994,0.6340752013188764,0.8017317405596087
2014-12-31,6.1886,119.3233,0.6392227051904884,0.8110957904128477
2015-01-31,6.2181,118.25,0.660414740457007,0.8609556607834696
2015-02-28,6.2518,118.76,0.6523582751647204,0.8810572687224669
2015-03-31,6.2386,120.3945,0.6685385746757588,0.9242998428690267
2015-04-30,6.201,119.5095,0.6680919294494923,0.9240436148586213
2015-05-31,6.2035,120.798,0.6469979296066253,0.8954956568460642
2015-06-30,6.2052,123.7186,0.6420133538777606,0.8907892392659896
2015-07-31,6.2085,123.3109,0.6426735218508998,0.9093389106119851
2015-08-31,6.3383,123.0038,0.6419309282321222,0.8979885057471265
2015-09-30,6.3676,120.1476,0.6519754857217368,0.890551251224508
2015-10-31,6.3505,120.0481,0.6517630189663038,0.8906305664410402
2015-11-30,6.364,122.6432,0.6581545346847439,0.9322270905192505
2015-12-31,6.4491,121.635,0.6675121820973233,0.918357975939021
2016-01-31,6.5726,118.2258,0.6948304613674263,0.921234454168586
2016-02-29,6.5501,114.6155,0.6997900629811057,0.9015506671474938
2016-03-31,6.5027,112.9317,0.7018036353428311,0.8981498113885397
2016-04-30,6.4754,109.5519,0.6983727913960472,0.8813678829543451
2016-05-31,6.5259,108.8481,0.6885155604516663,0.884016973125884
2016-06-30,6.5892,105.3509,0.7043741635556808,0.8903133903133903
2016-07-31,6.6771,104.191,0.7613826709304097,0.9045680687471733
2016-08-31,6.6466,101.2383,0.7633005114113426,0.892299455697332
2016-09-30,6.6702,101.7843,0.76103500761035,0.8914244963451596
2016-10-31,6.7303,103.9075,0.8110300081103,0.9079353550027238
2016-11-30,6.8402,108.443,0.8043758043758044,0.9266123054114159
2016-12-31,6.9198,115.9981,0.8010894816951054,0.948316737790422
2017-01-31,6.8907,114.8721,0.8086035416835127,0.9402914903620123
2017-02-28,6.8694,112.9116,0.8003201280512204,0.9389671361502347
2017-03-31,6.894,112.9165,0.8099133392726979,0.9353661958656815
2017-04-30,6.8876,110.091,0.7912018355882585,0.9333582228859437
2017-05-31,6.8843,112.2436,0.7734550235903782,0.9049773755656109
2017-06-30,6.8066,110.9141,0.7806401249024201,0.8902341315766047
2017-07-31,6.7694,112.417,0.7694675284702985,0.8673026886383347
2017-08-31,6.667,109.827,0.7720815318097591,0.8465250148141877
2017-09-30,6.569,110.776,0.7496251874062968,0.8394191219675984
2017-10-31,6.6254,112.9148,0.7574609907589759,0.8507018290089324
2017-11-30,6.62,112.819,0.7566013467503971,0.8515711487694798
2017-12-31,6.5932,112.9405,0.7460459564309161,0.8448800270361608
2018-01-31,6.4233,110.871,0.7233796296296295,0.8198737394441256
2018-02-28,6.3183,107.97,0.7162810686913545,0.8103727714748784
2018-03-31,6.3174,106.0468,0.7155123068116772,0.8107669855683476
2018-04-30,6.2967,107.6562,0.710277718587968,0.8149959250203749
2018-05-31,6.3701,109.6882,0.7423904974016333,0.8458090163241141
2018-06-30,6.4651,110.0638,0.7522190461862495,0.8562376915831835
2018-07-31,6.7164,111.521,0.759762953958365,0.8557980316645271
2018-08-31,6.8453,110.9965,0.7765180928715639,0.8660258075690656
2018-09-30,6.8551,112.0974,0.765345170671973,0.8571183680466272
2018-10-31,6.9191,112.7218,0.7685213648939441,0.8704735376044568
2018-11-30,6.9367,113.338,0.7751937984496123,0.8799718409010912
2018-12-31,6.8837,112.1994,0.7896399241945673,0.8787346221441126
2019-01-31,6.7863,108.9605,0.7751337105650724,0.8758101243650377
2019-02-28,6.7367,110.44,0.7682851874615857,0.8811349017534584
2019-03-31,6.7119,111.1443,0.75947444368497,0.8852691218130312
2019-04-30,6.7161,111.6414,0.767518612326349,0.8901548869503294
2019-05-31,6.8519,109.9714,0.777907429015947,0.8938946992044337
2019-06-30,6.8977,108.0685,0.7889546351084812,0.8853474988933157
2019-07-31,6.8775,108.2864,0.8025038118931065,0.891981090000892
2019-08-31,7.0629,106.1886,0.8223684210526316,0.8985533291400845
2019-09-30,7.1137,107.54,0.8084727948904519,0.9081827263645446
2019-10-31,7.0961,108.1368,0.790076637433831,0.904322662325918
2019-11-30,7.0199,108.8579,0.776156473144986,0.904895484571532
2019-12-31,7.0137,109.101,0.7628346937218705,0.8997660608241858
2020-01-31,6.9184,109.2667,0.7647598654022636,0.9010632546404759
2020-02-29,6.9967,110.0295,0.7720219254226821,0.9165062780680048
2020-03-31,7.0205,107.6673,0.8084727948904519,0.9053050878145935
2020-04-30,7.0708,107.7386,0.8051529790660226,0.9198785760279643
2020-05-31,7.1016,107.2,0.8128759551292473,0.9168423947923352
2020-06-30,7.0816,107.5782,0.7985307035055498,0.8881783462119194
2020-07-31,7.0041,106.6818,0.7873395795606645,0.8704735376044568
2020-08-31,6.927,106.0129,0.760861294985924,0.8452370890034654
2020-09-30,6.8106,105.589,0.7723797018614351,0.848536274925753
2020-10-31,6.7254,105.2095,0.7704160246533127,0.849762066621346
2020-11-30,6.6029,104.4061,0.7576905591756327,0.8455944529003889
2020-12-31,6.5393,103.7952,0.7443799315170463,0.8218277449046679
2021-01-31,6.4672,103.7883,0.7330840847445201,0.8211528986697323
2021-02-28,6.4601,105.3774,0.7211365111415591,0.8268562923763849
2021-03-31,6.5109,108.6991,0.7213445863088797,0.8401949252226517
2021-04-30,6.5186,109.0445,0.7222824124232574,0.8357709987463435
2021-05-31,6.4321,109.112,0.7100255609201931,0.8233163181294254
2021-06-30,6.425,110.1073,0.7130124777183601,0.8300132802124833
2021-07-31,6.4763,110.2143,0.7242178447276941,0.8459521191100584
2021-08-31,6.4768,109.8527,0.7247952453431906,0.8498342823149485
2021-09-30,6.4563,110.161,0.7282260413632392,0.8499787505312366
2021-10-31,6.4172,113.1215,0.7298737318443909,0.8620689655172414
2021-11-30,6.3889,113.965,0.7427764985515858,0.8759635599159076
2021-12-31,6.3693,113.8329,0.7517101405697962,0.8848774444739402
2022-01-31,6.3556,114.8255,0.7377351530800443,0.8836264027569144
2022-02-28,6.3436,115.2763,0.7385524372230428,0.8811349017534584
2022-03-31,6.3446,118.5774,0.7594167679222358,0.9075233687267447
2022-04-30,6.431,126.3743,0.7732158045310447,0.9256687957048968
2022-05-31,6.699,128.8486,0.8039877793857533,0.9463423866754992
2022-06-30,6.6952,133.9619,0.8116883116883117,0.9463423866754992
2022-07-31,6.7352,136.709,0.8342370901810294,0.983477576711251
2022-08-31,6.8007,135.2835,0.8345155637152634,0.9872642906506073
2022-09-30,7.0195,143.2843,0.88339222614841,1.0102030508132134
2022-10-31,7.1902,147.0515,0.8824567596187787,1.0149193139145438
2022-11-30,7.1812,142.445,0.8527330092947898,0.9811616954474096
2022-12-31,6.9717,134.9148,0.8210180623973727,0.9441979038806535
2023-01-31,6.7904,130.4475,0.8171937566396993,0.9279020135473693
2023-02-28,6.838,133.0463,0.8275405494869249,0.9344047841524948
2023-03-31,6.8909,133.6643,0.8238589553468446,0.9336196433572963
2023-04-30,6.8876,133.4745,0.8034709946970915,0.9122422915526364
2023-05-31,6.9854,137.0532,0.8010253123998718,0.9202171712524155
2023-06-30,7.1614,141.3581,0.7919537499010059,0.9225092250922509
2023-07-31,7.1863,140.936,0.7756146746296441,0.9035872413481522
2023-08-31,7.2486,144.7804,0.7870297497245397,0.9165902841429882
2023-09-30,7.2979,147.845,0.80768920119538,0.9370314842578711
2023-10-31,7.3071,149.5933,0.8213552361396304,0.9465215333648841
2023-11-30,7.2226,149.679,0.804052424218059,0.9242998428690267
2023-12-31,7.1402,143.9815,0.790076637433831,0.9166743056192135
2024-01-31,7.1707,146.2943,0.7873395795606645,0.9175153683824203
2024-02-29,7.1935,149.615,0.7917656373713381,0.9265264523302141
2024-03-31,7.2015,149.8186,0.7865963973884998,0.9199632014719411
2024-04-30,7.2374,153.89,0.7989134776703682,0.9324878776575904
2024-05-31,7.2327,155.8691,0.7913896802785692,0.9250693802035153
2024-06-30,7.2547,157.86,0.786410821012897,0.9291089844838799
2024-07-31,7.2609,157.5182,0.7770007770007771,0.9219138932423712
2024-08-31,7.1475,146.2641,0.772499034376207,0.9074410163339383
2024-09-30,7.076,142.954,0.7564868749527195,0.9005763688760806
2024-10-31,7.0881,149.8909,0.7666947788085563,0.9178522257916476
2024-11-30,7.2063,153.7126,0.7850525985241011,0.9415309292910272
2024-12-31,7.2807,153.8143,0.7907013520993121,0.9549274255156609
2025-01-31,7.2957,156.4819,0.8094544277157195,0.9656237929702587
