Date,rstar,g,z,output gap,real rate gap,,,All results are output from the Stage 3 model.,,,,,,,,,,,,,,,Standard Errors,Date,y*,r*,g,,,rstar (smoothed),g (smoothed),z (smoothed),output gap (smoothed)
1961-01-01,5.07156923659668,4.77418364431902,0.00203378915240422,-3.71888429190551,-3.63952934311696,,,Parameter Point Estimates,,,,,,,,,,,,,,,,1961-01-01,1.51614747579952,1.41296938957243,0.533605657853131,,,4.39699522945379,4.19356915811971,-0.056006389722369,-3.37377041270531
1961-04-01,5.28790911721527,4.97265414823692,0.00762491567118519,-3.40716802267218,-3.79533405480709,,,a_1,a_2,a_3,b_1,b_2,b_3,b_4,b_5,c,sigma_1,sigma_2,sigma_4,phi,kappa2020Q2-Q4,kappa2021,kappa2022,1961-04-01,1.55049871691356,1.40291268816332,0.522726930297428,,,4.38218349613356,4.1857946486251,-0.0625626485142265,-2.90121303633794
1961-07-01,5.26753171856917,4.95142826830068,0.00978652238319994,-2.70127902605998,-3.8160454520271,,,1.37549458638117,-0.43108977506379,-0.0788947552463989,0.584774470236426,0.364180137889901,0.0421034756797748,0.00257422018021848,0.0390793079151898,1.06186435737065,0.451965711643637,0.757636031111571,0.497960277493527,-0.096078814318824,7.99951290582635,1.66733376356416,1.2729078465481,1961-07-01,1.57973246090948,1.39332969936908,0.512845130921185,,,4.3635616426432,4.17521658596047,-0.0699520342909905,-2.15468088343266
1961-10-01,5.2661389020759,4.95223466277881,0.00753742433562739,-2.01333902985641,-3.68536525026742,,,T Statistics,,,,,,,,,,,,,,,,1961-10-01,1.60218815827956,1.38430683273598,0.503705987692543,,,4.34223050747084,4.16231785504973,-0.0775864668539139,-1.37443830151528
1962-01-01,5.12801932760704,4.82082842374327,0.00895345143473333,-1.23135324928148,-3.60179716408922,,,12.7100680944875,3.8300938965821,4.45329744371314,12.7439726214192,6.71977446034462,2.02706437180852,2.86287358929397,4.92731416318642,2.78089230262168,4.43376709303456,27.6991091425391,5.65757709567412,2.80805549629745,2.27231701118125,1.10697001234502,0.447848911575215,1962-01-01,1.61104552923518,1.37646081932463,0.494963529879391,,,4.32125959082069,4.14861246731811,-0.0840041207679145,-0.771059398140096
1962-04-01,4.63800272518161,4.36868742343109,-0.00095073825327934,-0.652782510564521,-3.08027000895735,,,,,,,,,,,,,,,,,,,1962-04-01,1.59491641827263,1.37173327371427,0.486529925712403,,,4.30974272285562,4.14218821323832,-0.0886993023029599,-0.59593297254014
1962-07-01,4.52586804672359,4.26556220005637,-0.00358041766379809,-0.299788968752409,-2.9586348553762,,,,,,,,,,,,,,,,,,,1962-07-01,1.58499154465994,1.36869807417519,0.478197637649457,,,4.30206911870088,4.13731175568968,-0.091194769996577,-0.459709594902051
1962-10-01,4.08504973993174,3.86721876895821,-0.0214120329797797,-0.1274642585322,-2.40141642080875,,,Average Standard Errors,,,,,,,,,,,,,,,,1962-10-01,1.57947692949476,1.36953354441819,0.470229601999939,,,4.30782416874998,4.14331554063054,-0.0918149251854873,-0.655160509390385
1963-01-01,4.07098926651682,3.85153946730364,-0.0188232148192517,0.0473812123639163,-2.47541314783674,,,y*,r*,g,,,,,,,,,,,,,,1963-01-01,1.58509837228144,1.37130305358262,0.462798037440131,,,4.31502015729626,4.15023666917821,-0.0919682363567612,-0.581440407649325
1963-04-01,4.03569566371087,3.81701761297467,-0.0174592909629353,0.307680371780293,-2.50021753075188,,,1.92941139242821,1.29515185909981,0.409570700921402,,,,,,,,,,,,,,1963-04-01,1.60018460014713,1.37386789177342,0.456179212517049,,,4.32337549380016,4.15886496322506,-0.0927749777661283,-0.362581670838722
1963-07-01,4.34301608713929,4.09540352052701,-0.00574694035862125,0.722600400880651,-2.39528691433185,,,,,,,,,,,,,,,,,,,1963-07-01,1.61064667483208,1.37475848470703,0.449971658001907,,,4.32230249084025,4.15837621530868,-0.0933289967338877,0.229405026143922
1963-10-01,4.08290300098777,3.85153946609151,-0.00690947906118476,1.14142451530222,-2.1294547630051,,,Restrictions on MC draws: a_3 < -0.0025; b_2 > 0.025; a_1 + a_2 < 1,,,,,,,,,,,,,,,,1963-10-01,1.62839235850347,1.37835051625063,0.444661617234621,,,4.33047741870929,4.16650936665022,-0.0937903723875362,0.336291726227955
1964-01-01,4.36843706368794,4.11430296217921,-0.000394607274651517,1.39811231571355,-2.37657539368455,,,Draws excluded:,,1273,Total:,5000,,,,,,,,,,,,1964-01-01,1.64282061366474,1.37977899478758,0.439730458088194,,,4.32808513523434,4.16513313872399,-0.0947212884800029,0.861366032345131
1964-04-01,4.28476362171967,4.04768202212063,-0.0133256475401775,1.63340713949424,-2.17459258128998,,,Percent excluded:,,0.202933205802646,,,,,,,,,,,,,,1964-04-01,1.65756535172471,1.38255178944744,0.435433945879515,,,4.32948181058092,4.16694702920529,-0.0952507187836892,1.06223122194467
1964-07-01,4.38001986724164,4.13984744976565,-0.015936584616272,1.82211321277282,-2.26688428484796,,,Draws excluded because a_r > -0.0025:,,,,0,,,,,,,,,,,,1964-07-01,1.67152216520955,1.38502863212759,0.431457556991968,,,4.32796983771262,4.16518331980272,-0.0948898715006379,1.30753641562126
1964-10-01,4.13633877335954,3.9260093906996,-0.032550665326825,1.83772701723387,-1.81912909907407,,,Draws excluded because b_y <  0.025:,,,,1259,,,,,,,,,,,,1964-10-01,1.67985477738193,1.39008115130233,0.42851219258496,,,4.33604024431437,4.17326096629148,-0.0953968297967468,1.19923724420926
1965-01-01,4.49661990372665,4.24752611508234,-0.0136766848802979,2.07224840312404,-2.05731703648419,,,Draws excluded because a_y1 + a_y2 < 1:,,,,24,,,,,,,,,,,,1965-01-01,1.70541172166372,1.39093270546727,0.425540001894527,,,4.32655321507564,4.16679514520519,-0.0980180340828106,1.84033885251858
1965-04-01,4.46473036915248,4.22138514300569,-0.0178080529392639,2.35359838617933,-1.88918785552237,,,,,,,,,,,,,,,,,,,1965-04-01,1.72783831394721,1.39159483661469,0.423044687946885,,,4.31600789749643,4.16128892949681,-0.1027164974573,2.24171474203672
1965-07-01,4.70043561548357,4.4381608844517,-0.0122892399922855,2.63766898109066,-2.11837663804722,,,Signal-to-noise Ratios,,,,Log Likelihood,,,,,,,,,,,,1965-07-01,1.77769638191758,1.38846239955671,0.420478265820644,,,4.2904294762507,4.14503776677733,-0.111038388245373,3.00911409278865
1965-10-01,4.90320683214273,4.62568730994997,-0.00864565063486264,3.04461594994621,-2.24280803275166,,,lambda_g,0.0657495504315396,,,-588.769980451101,,,,,,,,,,,,1965-10-01,1.8544839966657,1.3818456442668,0.417759731528196,,,4.25084091530268,4.1186047998946,-0.122558723801064,3.86508624277667
1966-01-01,5.12163954198378,4.80770442350014,0.0165095738957736,3.62429327118343,-2.19661471235615,,,lambda_z,0.0224708381097546,,,,,,,,,,,,,,,1966-01-01,1.9518680839608,1.37238177558704,0.414735796553772,,,4.19877926149407,4.08067757770859,-0.134346812196278,4.59242749684847
1966-04-01,4.87897574559922,4.55230029391634,0.0450503194415358,3.95422499491212,-1.81329589085974,,,,,,,,,,,,,,,,,,,1966-04-01,1.92124124112895,1.36579318017533,0.412291287405495,,,4.15790270543294,4.05234162723521,-0.145134432417498,4.4042246915842
1966-07-01,4.86436985113952,4.5156439301049,0.0693685111840056,3.90555612241951,-1.28926954150552,,,,,,,,,,,,,,,,,,,1966-07-01,1.92155179987731,1.35896964240991,0.410039153163203,,,4.11611792610861,4.02341695139064,-0.156205129413984,4.2183518430088
1966-10-01,4.84710953410491,4.48517570267659,0.0844613188877858,3.77984970980458,-1.12084887776988,,,State vector: [y_{t}* y_{t-1}* y_{t-2}* g_{t} g_{t-1} g_{t-2} z_{t} z_{t-1} z_{t-2}],,,,,,,,,,,,,,,,1966-10-01,1.93021109661192,1.35190529306614,0.407922639199408,,,4.07344387735367,3.99388371196277,-0.167518883862779,4.00980875238747
1967-01-01,4.81207269639631,4.50853129031246,0.0246240151232081,3.22736922584556,-1.65422634673336,,,Initial State Vector,,,,,,,,,,,,,,,,1967-01-01,1.94303078748103,1.34470909505672,0.405832403627553,,,4.02995888787898,3.96292629289495,-0.178131293433157,3.76629489990796
1967-04-01,4.62443139854413,4.33451299719474,0.0217665402632058,2.91593034680227,-2.41423959758845,,,818.324116785135,817.16332624323,816.002630093675,1.16079054190514,1.16069614955521,1.16064894043326,0,0,0,,,,,,,,1967-04-01,1.90867564798087,1.33943228826614,0.404023184862406,,,3.99476581216065,3.93944340338373,-0.188388725771458,3.24658788212935
1967-07-01,4.66959959332623,4.34403744781185,0.0568210604114697,2.85156069175139,-2.77393967121972,,,,,,,,,,,,,,,,,,,1967-07-01,1.91607301905945,1.33323198699413,0.402267892678661,,,3.95598311044763,3.91323039034788,-0.19933676324241,3.08936526315551
1967-10-01,4.62557835779263,4.27773506485281,0.0832039621508133,2.89912694432428,-2.59019879629291,,,Initial Covariance Matrix,,,,,,,,,,,,,,,,1967-10-01,1.91450368178704,1.3267590698223,0.400791939862591,,,3.91675692965011,3.88848986527691,-0.212291862284436,3.07480127473707
1968-01-01,4.85296775516449,4.44811828354281,0.12966949250167,3.24418072031108,-2.34745505367829,,,0.6462408522836,0.2,0,0.2,0.2,0,0,0,0,,,,,,,,1968-01-01,1.98019115600699,1.31677133459343,0.399457316251752,,,3.86258312530623,3.85206318995313,-0.227785478444483,3.60696434509032
1968-04-01,4.93789904476527,4.50334719575996,0.155955168722703,3.62794723838113,-1.41939119937726,,,0.2,0.2,0,0,0,0,0,0,0,,,,,,,,1968-04-01,2.03014207126572,1.30543472750638,0.398431555449463,,,3.80189469518578,3.80995812971622,-0.243764045834421,4.00296448914889
1968-07-01,4.84587510783855,4.41581731572726,0.156876091607646,3.66779298750987,-1.81666065445375,,,0,0,0.2,0,0,0,0,0,0,,,,,,,,1968-07-01,2.01591590633993,1.29489195128411,0.397750564806067,,,3.74417946329798,3.77020684022035,-0.25926880024702,3.928014215752
1968-10-01,4.73170138675991,4.30424291095848,0.161179254147811,3.46886756058132,-2.35319502905541,,,0.2,0,0,0.201064500037196,0.2,0,0,0,0,,,,,,,,1968-10-01,1.98466643379939,1.28498497360223,0.397389387181816,,,3.68957829225148,3.73426124031088,-0.275700619945355,3.65647265056293
1969-01-01,4.86332184000114,4.43394325758361,0.155075532169202,3.34490383934815,-2.43908204196853,,,0.2,0,0,0.2,0.2,0,0,0,0,,,,,,,,1969-01-01,2.0332133790532,1.27305125920747,0.397330785338836,,,3.6250056305159,3.68919495605986,-0.292419000715646,3.76598929703448
1969-04-01,4.69841277263861,4.26990312562044,0.164354834116736,3.30345653289237,-0.842092360169098,,,0,0,0,0,0,0.2,0,0,0,,,,,,,,1969-04-01,2.00394406406933,1.26290640707842,0.397413959561633,,,3.56830341261934,3.65048177002897,-0.308013066205739,3.44252763311238
1969-07-01,4.65292580860593,4.23490401613783,0.156032176983354,3.02567296458244,0.117304941773702,,,0,0,0,0,0,0,0.216622948862535,0.2,0,,,,,,,,1969-07-01,1.99714642979325,1.25325755089235,0.397449137251024,,,3.51334104515174,3.61160612340055,-0.321694770148884,3.05675180606136
1969-10-01,4.3786684956376,4.00546834435834,0.125404426187052,2.41606999615556,0.102315331903435,,,0,0,0,0,0,0,0.2,0.2,0,,,,,,,,1969-10-01,1.93004372875363,1.2465277346184,0.397068610548419,,,3.47248447665003,3.58378223087003,-0.333006138889128,2.15291834059963
1970-01-01,4.23602679545371,3.89671011384985,0.0982492145508394,1.67406718552297,0.209082921854808,,,0,0,0,0,0,0,0,0,0.2,,,,,,,,1970-01-01,1.89514133177068,1.2410260117478,0.396366695138026,,,3.43793240664374,3.56084896551067,-0.343206191812184,1.32016370175393
1970-04-01,4.15829836220891,3.82987289142537,0.0914928455442427,1.12186725193067,-0.536411222791709,,,,,,,,,,,,,,,,,,,1970-04-01,1.88166653344906,1.23610306690677,0.395547180630963,,,3.40635770122508,3.54041104683687,-0.3530785998523,0.695051648997037
1970-07-01,4.19980842582707,3.88784753587407,0.0714417005910839,0.764187549590247,-1.75379868012853,,,,,,,,,,,,,,,,,,,1970-07-01,1.89566059788883,1.2309664080659,0.394717355547567,,,3.37245306619697,3.5157777913609,-0.360826058884472,0.349523700763257
1970-10-01,3.83455156033666,3.50454748937101,0.113197492660791,0.55180196504341,-3.5808311822222,,,,,,,,,,,,,,,,,,,1970-10-01,1.83907804710077,1.22969572975934,0.393485469581029,,,3.35887985309547,3.51056142407646,-0.36886019749167,-0.465674191268704
1971-01-01,4.2466456373756,3.88316589205074,0.123250182849518,0.686400018445852,-5.32987329129407,,,,,,,,,,,,,,,,,,,1971-01-01,1.90143885222959,1.22388157552685,0.392883886771665,,,3.32124337074414,3.48353096175544,-0.377793995341062,0.132269128828284
1971-04-01,4.0206143448954,3.69126412299189,0.100992539049283,1.05341684358552,-4.38366963247284,,,,,,,,,,,,,,,,,,,1971-04-01,1.88113501661467,1.2206971288439,0.392096274108679,,,3.29604712738856,3.46596061076528,-0.384332909233698,0.195613447928622
1971-07-01,3.87632359292714,3.61738143264443,0.0351551825876479,1.10121852602538,-2.57277760625733,,,,,,,,,,,,,,,,,,,1971-07-01,1.86238949541654,1.21875972011128,0.391100849126905,,,3.27684853492823,3.45236443745575,-0.389094209860009,0.265053576121772
1971-10-01,3.58300387849198,3.47355554096642,-0.105440943807592,0.696593119161548,-2.12277049186514,,,,,,,,,,,,,,,,,,,1971-10-01,1.83421788575578,1.21851291663604,0.389970364784207,,,3.26682641171858,3.44801427202049,-0.394497047445278,0.21202422825661
1972-01-01,3.74621735091541,3.64045500095559,-0.119452059211059,0.865005926221556,-4.12635836416598,,,,,,,,,,,,,,,,,,,1972-01-01,1.84058200696548,1.21569080991521,0.389324791365793,,,3.24377534719801,3.43423797631555,-0.402919554580175,0.817370921623478
1972-04-01,3.86327776475435,3.8277740353178,-0.201299051418443,1.14603660146315,-2.02447362080046,,,,,,,,,,,,,,,,,,,1972-04-01,1.86501812877653,1.21063389305522,0.389188752449922,,,3.20856408384536,3.41028161702504,-0.41269241386988,1.69984355535178
1972-07-01,3.73485970229164,3.72821600535891,-0.223999990377769,1.51431310937392,-2.09189946490291,,,,,,,,,,,,,,,,,,,1972-07-01,1.84827593265781,1.20615886546038,0.389207708590751,,,3.17679841053496,3.39098574660212,-0.423968490133733,2.1519913057017
1972-10-01,3.79943353748351,3.83665607001652,-0.274574794756772,1.62831571443894,-1.13778660186229,,,,,,,,,,,,,,,,,,,1972-10-01,1.86003595193644,1.19954057500068,0.389696526465876,,,3.13441766029711,3.36532876974385,-0.439105011127902,2.84231205458934
1973-01-01,4.02827260280372,4.07234539305014,-0.296005820978784,2.00774410764598,-0.122259116524498,,,,,,,,,,,,,,,,,,,1973-01-01,1.92059403406592,1.18986536490206,0.391016404933475,,,3.07462153590824,3.32542202931723,-0.456525590238896,3.76689333979311
1973-04-01,4.05741147480187,4.01091718565369,-0.201638525009168,2.58502544623423,-0.324722355474216,,,,,,,,,,,,,,,,,,,1973-04-01,1.92717776818312,1.18076466825668,0.392707361188346,,,3.01627894621669,3.28570508521621,-0.472694172605897,3.94979959263287
1973-07-01,3.77550840918168,3.73447154208849,-0.189993814977091,2.3161333780406,2.71086424496569,,,,,,,,,,,,,,,,,,,1973-07-01,1.86693367624686,1.17416993686892,0.394074731810519,,,2.97249116306828,3.25933629429393,-0.488481876526977,3.34886590985138
1973-10-01,3.90095537890196,3.83482907009401,-0.171112927239703,1.92716544723407,1.67922896077082,,,,,,,,,,,,,,,,,,,1973-10-01,1.87853824057524,1.16651964435588,0.395780274493286,,,2.92165806226092,3.22570846804487,-0.503606787224602,3.01686925392323
1974-01-01,3.67339946594428,3.56081695053718,-0.107705136952403,1.48074616302426,0.442810332949604,,,,,,,,,,,,,,,,,,,1974-01-01,1.83376343415025,1.16144230631807,0.396894930196252,,,2.88632597530965,3.20495566582002,-0.516902213177744,1.97530781368857
1974-04-01,3.78196930323278,3.53225765999351,0.0311907930362175,1.29375554197418,-0.359118873979026,,,,,,,,,,,,,,,,,,,1974-04-01,1.83010887155079,1.15665993939028,0.397793430814546,,,2.85229487152948,3.18300457562793,-0.527624236677503,1.17862824899305
1974-07-01,3.61042434868364,3.23230274951947,0.178157266737765,1.15022622451852,-1.49080537982756,,,,,,,,,,,,,,,,,,,1974-07-01,1.80029436858044,1.15481522307363,0.397583077143286,,,2.83699397391892,3.17490828933572,-0.5343279764473,-0.0210618969626921
1974-10-01,3.44128804549906,3.0987241997852,0.15086326442527,0.48126370613204,-3.05530578381219,,,,,,,,,,,,,,,,,,,1974-10-01,1.7933174065718,1.15486330524121,0.396456163538752,,,2.83367198297101,3.17397802772514,-0.5366621557479,-1.06725590577707
1975-01-01,2.97012544364421,2.79106501030394,0.00639299009811717,-0.495412266425546,-3.5412295725072,,,,,,,,,,,,,,,,,,,1975-01-01,1.81392791149104,1.15832139140757,0.394205789332896,,,2.85273049450739,3.19175802859007,-0.536483593404015,-2.16354405191555
1975-04-01,2.86402829706555,2.85632729024285,-0.169003845428414,-1.18507291801996,-2.87102964806836,,,,,,,,,,,,,,,,,,,1975-04-01,1.82093349429581,1.16149489602129,0.392213755942972,,,2.86995973253916,3.20868482015501,-0.537228312019696,-2.23998427901222
1975-07-01,2.97751843927277,2.99162475865208,-0.199181262567437,-0.872979801431825,-2.23853085091426,,,,,,,,,,,,,,,,,,,1975-07-01,1.80764441736438,1.16354532418183,0.390864777326852,,,2.87944229955761,3.21920117501504,-0.538912687396572,-1.65559580080196
1975-10-01,3.00679097977564,3.00226255816663,-0.181204622209934,-0.288161081359249,-3.30043551263068,,,,,,,,,,,,,,,,,,,1975-10-01,1.80199958464052,1.16538316413535,0.3898505152554,,,2.8875349381234,3.22947517108561,-0.541729639065879,-1.06432802627091
1976-01-01,3.17455217871806,3.19267395538977,-0.215634499215912,0.261539117458369,-3.6694518697552,,,,,,,,,,,,,,,,,,,1976-01-01,1.79466390372267,1.16571070999718,0.389280453158368,,,2.8854590946264,3.22989496696504,-0.544251248844624,-0.235797736408813
1976-04-01,2.90630353254229,3.08022463271639,-0.364477217634342,0.351168074986845,-2.08886441885793,,,,,,,,,,,,,,,,,,,1976-04-01,1.79571870034327,1.16784639255657,0.388462078148231,,,2.89399578049866,3.23816317427071,-0.544494277609612,-0.00351899372412845
1976-07-01,2.83408925884124,2.96888310489846,-0.318461891450348,0.725562565666905,-3.35867700833461,,,,,,,,,,,,,,,,,,,1976-07-01,1.80424201866587,1.17134086269904,0.387461593322382,,,2.91059960016591,3.25262945076747,-0.54325168133813,-0.00313192725616318
1976-10-01,2.80405600477492,2.92430920386862,-0.301163708744098,0.940090755169194,-3.5105218874794,,,,,,,,,,,,,,,,,,,1976-10-01,1.8140265373865,1.17545582843451,0.386556578422916,,,2.93072650130868,3.2701741838728,-0.541754906939499,0.0655887993796114
1977-01-01,2.86259132319094,2.9549880255692,-0.275205137618056,1.31075967389313,-4.10780807252022,,,,,,,,,,,,,,,,,,,1977-01-01,1.81378224955731,1.17919023650396,0.385974288360427,,,2.94856852322653,3.28666282222824,-0.541421582392858,0.440169359456036
1977-04-01,2.98542462394545,3.11004822457358,-0.317024735433106,1.71485475004545,-3.22265415052964,,,,,,,,,,,,,,,,,,,1977-04-01,1.8011345400785,1.18144454498448,0.385779665267165,,,2.95744193047637,3.29571612399769,-0.54216155360853,1.18004144124268
1977-07-01,3.10955461191847,3.19432973734479,-0.2823902818571,2.42820197190542,-3.08849821608734,,,,,,,,,,,,,,,,,,,1977-07-01,1.79935967807391,1.18327166803991,0.385838702166527,,,2.96303544112188,3.30009825418774,-0.541221270821182,1.76628621562998
1977-10-01,2.8035619517481,2.97701131976656,-0.357620260200963,2.42751734357932,-1.43419487081491,,,,,,,,,,,,,,,,,,,1977-10-01,1.81527349093573,1.18773784431213,0.38602554574149,,,2.98425717922384,3.31761811067575,-0.53860324387009,1.5963784685888
1978-01-01,2.71316761728564,2.90565087088902,-0.372239477474394,2.28636060276108,-1.43290427264153,,,,,,,,,,,,,,,,,,,1978-01-01,1.8378524227853,1.19215401127957,0.386465808151814,,,3.00672448735742,3.34031853216479,-0.540240704213014,1.65636572677033
1978-04-01,3.39290459274265,3.48165933208277,-0.304145356502947,2.95133991105376,-2.07492726764932,,,,,,,,,,,,,,,,,,,1978-04-01,1.80159176173532,1.19014209578559,0.38702989475316,,,2.99172676137283,3.33122104319702,-0.545578130921161,3.00952785287996
1978-07-01,3.30771400060034,3.39554468790872,-0.297893877349174,3.47633789634892,-0.969954708890606,,,,,,,,,,,,,,,,,,,1978-07-01,1.80403611410525,1.18883104964404,0.387735781826384,,,2.981258788249,3.32642264049843,-0.550950851247036,3.42830738696375
1978-10-01,3.41683139677939,3.46421361451216,-0.261693566789217,3.73714326871254,0.355248167178639,,,,,,,,,,,,,,,,,,,1978-10-01,1.81132867336325,1.1868506741765,0.388601609103445,,,2.96635306878178,3.31714068434637,-0.556000392309716,3.65204889468805
1979-01-01,3.12570983098063,3.37760626332561,-0.460849873276697,3.00475842521689,2.44560115841167,,,,,,,,,,,,,,,,,,,1979-01-01,1.80306018435859,1.18619987221323,0.389601669069532,,,2.95908660024362,3.31407492815475,-0.56001144361961,3.29567676570252
1979-04-01,3.27221299326266,3.28816323399411,-0.21937034613229,3.18020943934812,-0.156286084009466,,,,,,,,,,,,,,,,,,,1979-04-01,1.79772289884742,1.18597102511762,0.390677306233204,,,2.95440485129064,3.31366874117226,-0.564261877093443,2.74286419153646
1979-07-01,3.31194987924044,3.3750117013571,-0.27185475213953,2.6021740387738,1.67528836208578,,,,,,,,,,,,,,,,,,,1979-07-01,1.80098170776354,1.18507321789718,0.391879577559119,,,2.9449569794012,3.30880317451217,-0.568543177168133,2.39858161878101
1979-10-01,3.28110492568537,3.32434878416093,-0.248902559683569,2.28092414630703,4.35594438872646,,,,,,,,,,,,,,,,,,,1979-10-01,1.8029191740609,1.18488678934257,0.393233014396312,,,2.93913061355915,3.306272836886,-0.571682667672839,1.88359029223
1980-01-01,3.40390384083998,3.31424247758716,-0.115372117793617,2.09085414244385,4.75412223169372,,,,,,,,,,,,,,,,,,,1980-01-01,1.80613943955466,1.18542404622923,0.39472461693586,,,2.9360850748015,3.30283367827646,-0.571076286483664,1.08046487881143
1980-04-01,2.92636691369838,2.91429298886692,-0.168216938114581,0.837323417031712,3.17854975648417,,,,,,,,,,,,,,,,,,,1980-04-01,1.81239212537928,1.19011940709956,0.39613977592493,,,2.95962881788508,3.3220563617877,-0.567944425873689,-0.677176007475396
1980-07-01,2.9776087788323,2.96607386717393,-0.171959342048218,-0.246920898336953,-0.00730111436791026,,,,,,,,,,,,,,,,,,,1980-07-01,1.82143273542669,1.19398820420871,0.397549506118968,,,2.97836437734261,3.33940043122337,-0.567625915561658,-1.5564472550144
1980-10-01,3.40756255419538,3.252693126471,-0.0463563422686756,-0.145460757999444,5.6411946273594,,,,,,,,,,,,,,,,,,,1980-10-01,1.80296983798522,1.19457119307935,0.398996656552096,,,2.97624998122304,3.34041798313469,-0.570820813787636,-1.26441309203267
1981-01-01,3.63017486644822,3.48199481074789,-0.0672313156345141,-0.0750116957796081,6.70176339302944,,,,,,,,,,,,,,,,,,,1981-01-01,1.82092039527432,1.19327705912289,0.400538379650007,,,2.96085039014671,3.32864288227522,-0.573716844956847,-0.91784131561883
1981-04-01,3.25399342488222,3.25139426926094,-0.198546261405151,-0.942124929295346,9.6004575289437,,,,,,,,,,,,,,,,,,,1981-04-01,1.80446093296641,1.19408298449021,0.401906425874474,,,2.95985434724913,3.33026203093688,-0.576432204107533,-1.73072870678402
1981-07-01,3.51276948472659,3.50566441626279,-0.209770607805444,-1.71136078824236,9.33912621116209,,,,,,,,,,,,,,,,,,,1981-07-01,1.83264463169892,1.1928294891047,0.403073091159217,,,2.94443492211624,3.31765127988257,-0.578460722176178,-2.23947665499577
1981-10-01,3.21667048240878,3.29817120229654,-0.285539961816211,-2.9222110003775,4.77148140239522,,,,,,,,,,,,,,,,,,,1981-10-01,1.83319444930989,1.19410014591276,0.403903699105225,,,2.94524326997389,3.31652520993489,-0.576456640777186,-3.75660576359348
1982-01-01,2.80913986865339,3.05867183143992,-0.438754730046275,-4.56811213278945,6.74501007569778,,,,,,,,,,,,,,,,,,,1982-01-01,1.85605538686675,1.19789109957241,0.404362203215762,,,2.96321308805186,3.3300162430145,-0.572812469870552,-5.41050736444845
1982-04-01,2.88100899255451,3.17917172907138,-0.494840152506807,-5.52444868401562,7.21472459251067,,,,,,,,,,,,,,,,,,,1982-04-01,1.8760823588069,1.20110737260037,0.404690877828545,,,2.97610784955094,3.33784306265134,-0.568228729175394,-6.17515051422652
1982-07-01,2.852780408689,3.04160083983153,-0.376987112476739,-5.8548512460884,2.20001112175064,,,,,,,,,,,,,,,,,,,1982-07-01,1.90407838679064,1.20584659163887,0.404865028522046,,,2.99840607080445,3.35275481651645,-0.561764767857138,-7.10238938113355
1982-10-01,2.76114809491342,2.98729674535612,-0.410955843869585,-6.40419896612354,0.697404784349733,,,,,,,,,,,,,,,,,,,1982-10-01,1.93203043809732,1.21129614781553,0.404940119319675,,,3.02486243282852,3.37172204822152,-0.555449033138676,-7.65662746807243
1983-01-01,2.86978629694868,3.0911777547162,-0.412625183081487,-6.30408191283561,0.186288831914055,,,,,,,,,,,,,,,,,,,1983-01-01,1.93079613037619,1.21563474202444,0.404862309082861,,,3.04401300733338,3.38583616981709,-0.551285741291736,-7.33422767566481
1983-04-01,2.89497623393019,3.31017375860728,-0.619979297038514,-6.21166708504893,1.25336481384406,,,,,,,,,,,,,,,,,,,1983-04-01,1.91827582123942,1.21796236572729,0.404445183785574,,,3.0505072042728,3.39005560916169,-0.549272016600443,-6.36626076940513
1983-07-01,3.2227559185619,3.36165276040313,-0.346863329566834,-4.73915052382767,0.0111592077530185,,,,,,,,,,,,,,,,,,,1983-07-01,1.91473698326216,1.21905721915112,0.403642567880076,,,3.05006973497001,3.38939195535314,-0.549004775578294,-5.40592520401174
1983-10-01,3.15655152402707,3.50087848063021,-0.560906554040058,-4.55807007077453,0.87013950174049,,,,,,,,,,,,,,,,,,,1983-10-01,1.91857162760313,1.21871481003364,0.402453325729332,,,3.04125244321847,3.3825589757915,-0.55056636987869,-4.42909072661325
1984-01-01,3.29176469178125,3.5785755918534,-0.508197179364444,-3.7353357465081,1.50426726559393,,,,,,,,,,,,,,,,,,,1984-01-01,1.92575581495736,1.21723407339674,0.400987401560053,,,3.02559151941243,3.37057595414575,-0.553502950105511,-3.54923820385227
1984-04-01,3.4341896381031,3.63205827696141,-0.422563590095273,-2.98280214368617,1.27571522826369,,,,,,,,,,,,,,,,,,,1984-04-01,1.9346551637968,1.21502527687598,0.399405240312078,,,3.00498148600389,3.35423626294245,-0.556762447814813,-2.91029985162504
1984-07-01,3.3322816961013,3.58635999024512,-0.475946150240147,-2.83552111191341,3.3769623800999,,,,,,,,,,,,,,,,,,,1984-07-01,1.93438436694475,1.2132360189932,0.397874577702711,,,2.98675576373007,3.33997705988948,-0.559846830602186,-2.68028065076783
1984-10-01,3.23328280797573,3.57124061576097,-0.558890313495254,-3.01201867557052,2.30730946163566,,,,,,,,,,,,,,,,,,,1984-10-01,1.93607803265588,1.21156662245309,0.396424411888096,,,2.96891312287001,3.32644715036765,-0.563322542782559,-2.63080500343767
1985-01-01,3.5382828381499,3.55727513011541,-0.239060831880695,-2.24779819365642,-0.100457026495017,,,,,,,,,,,,,,,,,,,1985-01-01,1.93893703875925,1.20950144989019,0.39506681785721,,,2.94790702812061,3.3104628798453,-0.567355510385699,-2.60462053249364
1985-04-01,3.4162018719076,3.56116967342346,-0.365277274850048,-2.52607653211032,0.340777425197398,,,,,,,,,,,,,,,,,,,1985-04-01,1.93629169226314,1.2072979176609,0.393819662798686,,,2.92578015043414,3.29433765620112,-0.572359587829796,-2.50204650421006
1985-07-01,3.57805815889589,3.642613351694,-0.289903126950406,-2.11229707600455,0.483350401062173,,,,,,,,,,,,,,,,,,,1985-07-01,1.93775521785662,1.20420971602969,0.392690796916457,,,2.89678228002374,3.27213654227219,-0.577782886665138,-2.13463005613573
1985-10-01,3.3587496266509,3.58427350328195,-0.447262653552226,-2.33277462491742,1.49789917186281,,,,,,,,,,,,,,,,,,,1985-10-01,1.92885491460857,1.20174514565868,0.391716183898495,,,2.87151448420723,3.25318740522541,-0.582929269248733,-2.04150268722253
1986-01-01,3.41971481558682,3.5690294559921,-0.370110354137146,-2.08142873394638,0.840491820187202,,,,,,,,,,,,,,,,,,,1986-01-01,1.92437179095739,1.19935238581057,0.390889735773854,,,2.845770505627,3.23345374410874,-0.587718776448737,-1.99343556221845
1986-04-01,3.20668302217635,3.49426948078993,-0.503757194522529,-2.45475683452696,0.608777762873173,,,,,,,,,,,,,,,,,,,1986-04-01,1.91542221685274,1.19768913482145,0.390191852267066,,,2.82461829807205,3.21785485521605,-0.592307079873964,-2.12618684384199
1986-07-01,3.22104825663396,3.51032803241231,-0.506443963663706,-2.45232256705265,0.390239003311784,,,,,,,,,,,,,,,,,,,1986-07-01,1.91186710901997,1.19594250209066,0.389620211462423,,,2.80184186677577,3.20052061433258,-0.596676898614008,-2.09277159319879
1986-10-01,3.18300378805593,3.41964634193554,-0.448196777258348,-2.28163212664322,0.334615625029783,,,,,,,,,,,,,,,,,,,1986-10-01,1.90327384579243,1.19487974857615,0.389155489653274,,,2.78341900426302,3.18690498533151,-0.600641809987342,-2.16862919416997
1987-01-01,3.03885720049228,3.40315090486458,-0.574827448137084,-2.56968651971113,0.521740714055821,,,,,,,,,,,,,,,,,,,1987-01-01,1.89781233319694,1.19396899970343,0.388759353553087,,,2.76578271456853,3.174435599476,-0.605037303283566,-2.13259460230699
1987-04-01,3.15334170131549,3.41513302011634,-0.473066328425624,-2.2044494154253,0.498314723010354,,,,,,,,,,,,,,,,,,,1987-04-01,1.89472692774188,1.19271459354958,0.388402953082906,,,2.74529036226422,3.15988312979455,-0.610076906721422,-1.93332395464961
1987-07-01,3.1342924270564,3.38760894065465,-0.462888763734918,-2.0536780621361,0.400311067857024,,,,,,,,,,,,,,,,,,,1987-07-01,1.89148628921698,1.19132644938836,0.38803650718748,,,2.72419657340099,3.1460518162211,-0.616483716685394,-1.73125462279927
1987-10-01,3.33563307893386,3.51694029826115,-0.398880470790158,-1.64601405994972,0.0978617205353376,,,,,,,,,,,,,,,,,,,1987-10-01,1.89820003677552,1.18874573793791,0.387701569998512,,,2.69341988176052,3.1237285985303,-0.623556179118179,-1.26416501338088
1988-01-01,3.19873038332514,3.39995792314498,-0.411563751822451,-1.51765429140414,-0.160918614956049,,,,,,,,,,,,,,,,,,,1988-01-01,1.8902152445542,1.18689047978761,0.387385870052709,,,2.66822731666229,3.10688999492049,-0.630868431215259,-1.19712936160295
1988-04-01,3.39689766200268,3.45472992338736,-0.271556907984192,-1.03577699833932,-0.319425956580943,,,,,,,,,,,,,,,,,,,1988-04-01,1.89135471277471,1.18438496583194,0.38714085887065,,,2.63721199071235,3.08503399625715,-0.638675651189848,-0.92707607457919
1988-07-01,3.35925972800789,3.36063863566096,-0.209282657203211,-0.780831741695579,0.364645519147506,,,,,,,,,,,,,,,,,,,1988-07-01,1.88301959479265,1.18225737583189,0.386910925283885,,,2.6093280248095,3.06683530909433,-0.647235079843569,-0.854763800198725
1988-10-01,3.45264553609205,3.44417488918935,-0.204601019289124,-0.657125743667507,1.04757071537522,,,,,,,,,,,,,,,,,,,1988-10-01,1.8858943281986,1.17923411244503,0.386763602714226,,,2.57394563228541,3.04291197764606,-0.657214139393171,-0.538644961636123
1989-01-01,3.48049865846794,3.45363849429388,-0.186796961865965,-0.514768006746522,2.22205945338821,,,,,,,,,,,,,,,,,,,1989-01-01,1.88858607901788,1.17589925252659,0.386723123179712,,,2.5356338014049,3.01702892873667,-0.66804168317672,-0.347512012874972
1989-04-01,3.37952777568696,3.45508136470639,-0.289299977310292,-0.819208930296554,3.0520065254565,,,,,,,,,,,,,,,,,,,1989-04-01,1.89140444216868,1.1724163389787,0.386822272213504,,,2.49563805907284,2.99041265008379,-0.679774547881436,-0.326429542820165
1989-07-01,3.29867995916599,3.48046761271678,-0.397104545760872,-1.26160289055406,3.03408636495593,,,,,,,,,,,,,,,,,,,1989-07-01,1.89848992667985,1.1687429235707,0.387149557517637,,,2.45284590271413,2.96173395730399,-0.6921138225613,-0.416755045448781
1989-10-01,3.25761310648088,3.39574564560336,-0.348208161281908,-1.46837074645737,2.45312663239135,,,,,,,,,,,,,,,,,,,1989-10-01,1.90066001510697,1.16533981229418,0.387652546598762,,,2.41198506326964,2.93600122504663,-0.705649990803939,-0.713964570447502
1990-01-01,3.48567903242966,3.4855136532585,-0.215463683094298,-1.37549926542226,0.967384361600563,,,,,,,,,,,,,,,,,,,1990-01-01,1.91834475307498,1.161298658496,0.388652029019864,,,2.36258439151051,2.9029257745869,-0.719929020615895,-0.738427989835373
1990-04-01,3.44304265584875,3.40062368256976,-0.167958425502601,-1.42020976612673,0.894916799647348,,,,,,,,,,,,,,,,,,,1990-04-01,1.91874003057886,1.15796687950086,0.389890684178661,,,2.31735577718955,2.87249548827279,-0.73284479851532,-1.03552082978877
1990-07-01,3.32580918842948,3.27581670939576,-0.152663816557087,-1.62415044523698,1.26180652378904,,,,,,,,,,,,,,,,,,,1990-07-01,1.90558188430491,1.15574602290023,0.391053015825271,,,2.28070342337413,2.84727569532797,-0.742717153102368,-1.57919314005505
1990-10-01,2.88319258614791,3.00699336091217,-0.309826486654903,-2.4670586455569,1.66944967528556,,,,,,,,,,,,,,,,,,,1990-10-01,1.89245125417387,1.15529722293125,0.391546852503611,,,2.26274095778939,2.83687353480163,-0.749633935184549,-2.5365280947251
1991-01-01,2.65027094894962,2.86151270197993,-0.38826739744625,-3.19320108219983,0.616323936957127,,,,,,,,,,,,,,,,,,,1991-01-01,1.90522819261973,1.1556211170036,0.391621617241191,,,2.25396428985897,2.83465467676239,-0.75605447684903,-3.27308334056727
1991-04-01,2.73110023710811,2.91773510447201,-0.367138674579838,-3.34039197491745,-0.0265595162654648,,,,,,,,,,,,,,,,,,,1991-04-01,1.90487995442093,1.15571014862344,0.391846692029699,,,2.24166663498791,2.82901142566135,-0.762359764516195,-3.41044026559439
1991-07-01,2.75794288750481,2.8426346437803,-0.260549521752498,-3.03461194146576,-0.335801439697498,,,,,,,,,,,,,,,,,,,1991-07-01,1.9137549149901,1.15621959587793,0.391967054612691,,,2.23386040348778,2.82653070637146,-0.767531808621754,-3.502743207923
1991-10-01,2.62499394267776,2.74865994679312,-0.29371008535416,-3.0446488912371,-1.05739456634566,,,,,,,,,,,,,,,,,,,1991-10-01,1.93306787247044,1.15717411775579,0.39189109177332,,,2.23195300940539,2.82942206383508,-0.772509432139186,-3.56312580361498
1992-01-01,2.67346575159551,2.80915677396194,-0.309477700940993,-2.83810355621858,-1.91577491937162,,,,,,,,,,,,,,,,,,,1992-01-01,1.93317301680534,1.15783429622363,0.391963083908732,,,2.22640062528391,2.8291636788862,-0.77778744649296,-3.24339758243218
1992-04-01,2.66333687107366,2.80114763695336,-0.311101964340127,-2.4296118046941,-2.03361043843441,,,,,,,,,,,,,,,,,,,1992-04-01,1.93717047210245,1.15857119601568,0.392019489456235,,,2.22175597468837,2.82933454567031,-0.782613534436412,-2.87612114972114
1992-07-01,2.53677086456119,2.77897116668625,-0.41411956750367,-2.24069889265888,-2.306080142393,,,,,,,,,,,,,,,,,,,1992-07-01,1.94245147281513,1.1595384284644,0.391929460145181,,,2.22004533690724,2.831446928126,-0.786567235856371,-2.5433628134042
1992-10-01,2.5620021824416,2.75269270750758,-0.360984090454804,-1.6831618242287,-2.57556217041152,,,,,,,,,,,,,,,,,,,1992-10-01,1.94276383038202,1.16083996779091,0.391610563376578,,,2.22175901799235,2.83473840645115,-0.7883486582878,-2.28364597003747
1993-01-01,2.39037591597054,2.56901639069377,-0.337571022808163,-1.35049325336786,-2.41287669024445,,,,,,,,,,,,,,,,,,,1993-01-01,1.97068430501851,1.16323121515496,0.390752790907556,,,2.23691103811872,2.84831675023942,-0.787614997462315,-2.39048672249533
1993-04-01,2.36053424837579,2.50437265037927,-0.298769806635824,-1.05500037977538,-2.53771107329344,,,,,,,,,,,,,,,,,,,1993-04-01,1.98732141849883,1.16618025253743,0.389688736939449,,,2.25807208602376,2.86591785671137,-0.785143937170132,-2.3998703559007
1993-07-01,2.19671426719517,2.43000113405819,-0.383617325431477,-1.03415045631243,-2.19402033086035,,,,,,,,,,,,,,,,,,,1993-07-01,2.01045737861726,1.16972563046672,0.388599885095276,,,2.28586261120634,2.88916043203359,-0.78203387429572,-2.35469595154427
1993-10-01,2.25820833571448,2.51960779810684,-0.417273379648311,-0.748377684742081,-2.13451623832247,,,,,,,,,,,,,,,,,,,1993-10-01,1.98570326716987,1.17304059571523,0.387776882718692,,,2.30999931418059,2.90877471117899,-0.778724875241487,-1.94847256406763
1994-01-01,2.19815726574833,2.50754783926189,-0.464518409165658,-0.446731697009454,-1.46525007299103,,,,,,,,,,,,,,,,,,,1994-01-01,1.97891828520634,1.17662389641278,0.387138336096605,,,2.33666528364608,2.93038500296425,-0.775006104375136,-1.62059527241217
1994-04-01,2.35883157056831,2.56929608449212,-0.369412365085837,0.175633171782806,-0.954073537180941,,,,,,,,,,,,,,,,,,,1994-04-01,1.95010978552254,1.18008732981208,0.386716634881922,,,2.36094960240464,2.94896239157841,-0.770448452438983,-1.23581964159177
1994-07-01,2.22821084777187,2.50747313614277,-0.434385502562541,0.26913550755205,-0.158760518487422,,,,,,,,,,,,,,,,,,,1994-07-01,1.95356085420214,1.18419913007015,0.386517832728222,,,2.39122541556295,2.97236547664361,-0.765023541163919,-1.16622755575247
1994-10-01,2.2607261712196,2.59253725949128,-0.492196739789568,0.299456462356147,0.631661675065522,,,,,,,,,,,,,,,,,,,1994-10-01,1.92225294143385,1.18824685123012,0.386580407702387,,,2.41912558015486,2.99252285899781,-0.758527782431819,-1.0260203953344
1995-01-01,2.17801012268213,2.52289753585864,-0.500964847944402,0.296620008161199,1.48826233559173,,,,,,,,,,,,,,,,,,,1995-01-01,1.92507425585924,1.19318499059602,0.387015148349842,,,2.45402376347248,3.01763295939868,-0.750293119739879,-1.24410193633014
1995-04-01,2.13019663797421,2.48891559807341,-0.51269412412379,0.0921522547157565,1.69452069891085,,,,,,,,,,,,,,,,,,,1995-04-01,1.92795443068003,1.19875049613807,0.387933961072575,,,2.49293725679428,3.04598749861214,-0.74148830097853,-1.54924255593698
1995-07-01,2.17331932967933,2.57864716469413,-0.564854184744249,-0.174679439701663,1.55248906526163,,,,,,,,,,,,,,,,,,,1995-07-01,1.89797852550947,1.20415637875839,0.389182949245682,,,2.52846526321646,3.071062935756,-0.732587007504901,-1.65937488772499
1995-10-01,2.23155570804604,2.60441492009404,-0.533979667406147,-0.199604522871823,1.53288796770614,,,,,,,,,,,,,,,,,,,1995-10-01,1.87987982083198,1.2096852812267,0.390737928512141,,,2.56366883285368,3.0957360781506,-0.723582968360844,-1.7801489523506
1996-01-01,2.23336516345794,2.65098857758267,-0.581625118873808,-0.397275650726101,1.38126272873184,,,,,,,,,,,,,,,,,,,1996-01-01,1.861495499124,1.21505591980647,0.392480167854162,,,2.59658044338597,3.1193557868017,-0.715752284576633,-1.79416929164233
1996-04-01,2.47767429809823,2.84963316373467,-0.54824959005298,-0.221199716835258,1.04952695169969,,,,,,,,,,,,,,,,,,,1996-04-01,1.81231794286432,1.21913379265398,0.393888477327579,,,2.61776174894402,3.13275577731444,-0.708799951333172,-1.45500399041418
1996-07-01,2.49308054678434,2.86427767455352,-0.548393825436531,-0.105452768268378,1.13573062849893,,,,,,,,,,,,,,,,,,,1996-07-01,1.79884993054525,1.22329320992376,0.395341245369031,,,2.63880930557282,3.14594997860472,-0.701762846778492,-1.36244729869657
1996-10-01,2.62937723073653,2.91841444778283,-0.469583051399599,0.116659890529604,0.776224247513231,,,,,,,,,,,,,,,,,,,1996-10-01,1.78586247221349,1.22722581745097,0.396779553733766,,,2.65673276849743,3.15617298241462,-0.69469482722488,-1.28970900242541
1997-01-01,2.54524114834969,2.91384849354503,-0.548870709723945,-0.0941946777153362,1.10646125736979,,,,,,,,,,,,,,,,,,,1997-01-01,1.78330949945028,1.23130822900433,0.398350170832295,,,2.67490273433234,3.16762583936248,-0.688686241972969,-1.29692575998104
1997-04-01,2.82657783238585,3.09206093589521,-0.456771466259402,0.210552953245497,0.861666485065719,,,,,,,,,,,,,,,,,,,1997-04-01,1.76566750035282,1.23394308623881,0.399338410401436,,,2.68078344188874,3.16896848567149,-0.684231242676646,-0.923260601205357
1997-07-01,2.79798346965144,3.17439757902582,-0.572796175639759,0.103639264155959,1.60272285838283,,,,,,,,,,,,,,,,,,,1997-07-01,1.76175287443125,1.23610073777108,0.40005154313979,,,2.68210394868118,3.16638871535942,-0.680171369739626,-0.676384942359391
1997-10-01,2.80969078977684,3.18274587989835,-0.569953618655499,0.128618080269348,1.57436535693072,,,,,,,,,,,,,,,,,,,1997-10-01,1.76037318555066,1.2382344568575,0.400749637540403,,,2.68218311729283,3.16308834970131,-0.676587660469336,-0.629155105045925
1998-01-01,2.87376037809453,3.24193613856057,-0.568736056314772,0.0727453065221653,1.76472819035357,,,,,,,,,,,,,,,,,,,1998-01-01,1.76095990763453,1.23989067733601,0.401242625603255,,,2.67750638233751,3.15618296559681,-0.673931814170137,-0.57068458593028
1998-04-01,2.95234154327765,3.28071428091841,-0.531332018346487,0.0805951844907895,1.66798145460995,,,,,,,,,,,,,,,,,,,1998-04-01,1.76344858990679,1.24104189288626,0.401469214876981,,,2.66824565615114,3.14640972996639,-0.672814689784382,-0.50635205424021
1998-07-01,3.14265341066416,3.37764250405183,-0.443944776328628,0.242575774959164,1.47297436029695,,,,,,,,,,,,,,,,,,,1998-07-01,1.77429373078647,1.24105381906523,0.401100756498817,,,2.64963714394505,3.13002837690801,-0.674028427052271,-0.275878315961677
1998-10-01,3.32278979564267,3.52844367245345,-0.423938777125647,0.365530287369097,0.581593027774947,,,,,,,,,,,,,,,,,,,1998-10-01,1.80218253744567,1.23968124645632,0.399999307316049,,,2.61927366450194,3.1040600699714,-0.676817086938135,0.0836834820050854
1999-01-01,3.29830846808475,3.53401881050318,-0.454340145065998,0.338740169231414,0.512409026596646,,,,,,,,,,,,,,,,,,,1999-01-01,1.81205186583665,1.23814652104253,0.398764208761518,,,2.58644134357285,3.07648691854607,-0.680370461148284,0.198511704311386
1999-04-01,3.34404418113378,3.52702900642049,-0.401182208196551,0.413675000765579,0.391429396275643,,,,,,,,,,,,,,,,,,,1999-04-01,1.81575359617294,1.23635929683626,0.39742865211435,,,2.55029720289166,3.04742215853631,-0.685651769119573,0.284230928347256
1999-07-01,3.4288280933197,3.62340907836867,-0.418740859173229,0.392078357304172,0.693197407624127,,,,,,,,,,,,,,,,,,,1999-07-01,1.84087116220335,1.23356462996015,0.395682241604887,,,2.50421298722492,3.0114370700931,-0.693524701971645,0.604058563206081
1999-10-01,3.61941027579899,3.74929234009495,-0.361829625510638,0.66116959168437,0.41365122939659,,,,,,,,,,,,,,,,,,,1999-10-01,1.88620881074596,1.22976699618276,0.39360369451888,,,2.44680269290887,2.96600022684775,-0.702687231934007,1.01391958265015
2000-01-01,3.51890692034757,3.62654825355443,-0.331995410386658,0.681448415594332,0.787397013023477,,,,,,,,,,,,,,,,,,,2000-01-01,1.86961847788537,1.22654282611582,0.391876068371079,,,2.39209016548736,2.92480535377598,-0.713656391934204,0.994694722486884
2000-04-01,3.64088655202406,3.83706197932273,-0.433552800840817,0.467486974964913,1.30117770151394,,,,,,,,,,,,,,,,,,,2000-04-01,1.93566678580251,1.22217719880151,0.390027742540405,,,2.3217797938318,2.87013275828764,-0.725911883115747,1.37073119242359
2000-07-01,3.50785948238986,3.66798396132447,-0.3870419495478,0.440007495922146,1.49244495497474,,,,,,,,,,,,,,,,,,,2000-07-01,1.90718982377647,1.21894377600084,0.388820298674444,,,2.25830843251869,2.82169708173049,-0.73795112586769,1.10201656752372
2000-10-01,3.51990099727732,3.66309277108421,-0.369806654079084,0.170948906987633,1.48415980441476,,,,,,,,,,,,,,,,,,,2000-10-01,1.91011082823027,1.21600642655105,0.388029606806276,,,2.192572633539,2.77075395815849,-0.749592237673147,0.821545687248545
2001-01-01,3.39946237196307,3.47375035082013,-0.28918931197662,-0.0924858962114286,0.413135280072471,,,,,,,,,,,,,,,,,,,2001-01-01,1.8681548686088,1.21415138302388,0.387711699778732,,,2.13498900620861,2.72715946824447,-0.760884429986086,0.203316283894537
2001-04-01,3.37904361718193,3.50463008571552,-0.342398156608217,-0.570463407374746,-0.828219855162013,,,,,,,,,,,,,,,,,,,2001-04-01,1.87737934336032,1.21245930774624,0.387667636736767,,,2.07411265608355,2.67972355842803,-0.771390278217621,-0.128040416687327
2001-07-01,3.07903436375668,3.29303901566838,-0.417726394412498,-1.05022540915638,-1.12906862629994,,,,,,,,,,,,,,,,,,,2001-07-01,1.83219152823993,1.2119366619314,0.387888677490953,,,2.0249023029191,2.64204557057838,-0.780591719027075,-0.718017535483455
2001-10-01,3.1087197729864,3.20832811656895,-0.298089500748274,-1.01009276340824,-2.44245634229072,,,,,,,,,,,,,,,,,,,2001-10-01,1.81640371309951,1.21181409394099,0.388208869383336,,,1.97764882977245,2.60629764560284,-0.789885744792251,-0.986629996583588
2002-01-01,3.07192979277905,3.20793523680564,-0.334462295938227,-1.042970346723,-2.82285041854189,,,,,,,,,,,,,,,,,,,2002-01-01,1.81985970151721,1.21188237867682,0.388612855253935,,,1.92882309995195,2.56879252134055,-0.798886119939866,-0.925606605630378
2002-04-01,3.09050762980563,3.10831545335277,-0.210101761574065,-0.57113090289215,-3.02117702644658,,,,,,,,,,,,,,,,,,,2002-04-01,1.80971402145848,1.21249422304334,0.389033839473067,,,1.88424733462872,2.53398602775683,-0.806502110321487,-0.888893014486598
2002-07-01,2.95712478595764,2.98682256628875,-0.214475638974716,-0.414400389085586,-2.91901015996366,,,,,,,,,,,,,,,,,,,2002-07-01,1.79040633960176,1.21375494067843,0.389369000230496,,,1.84675588923127,2.50402797830044,-0.812182170784852,-0.959358197566644
2002-10-01,2.70015663298868,2.83632140360078,-0.311631971542486,-0.548032113308977,-3.04531100308109,,,,,,,,,,,,,,,,,,,2002-10-01,1.76847494333508,1.21569545033428,0.389553084767483,,,1.81842696317992,2.4814057747871,-0.816489385240202,-1.12485761864832
2003-01-01,2.56332155119873,2.77495985873671,-0.383309415928067,-0.589744359981864,-2.933689765015,,,,,,,,,,,,,,,,,,,2003-01-01,1.76076056099911,1.21794068214064,0.389658248177992,,,1.79290953673169,2.46136946074206,-0.820730963950913,-1.07457819871627
2003-04-01,2.53735823245559,2.76102365509216,-0.394474376744,-0.360300211571371,-2.77453336798821,,,,,,,,,,,,,,,,,,,2003-04-01,1.75786364270194,1.22024834948251,0.389740870519486,,,1.76583944615531,2.44104692622774,-0.826221279475102,-0.745383402192033
2003-07-01,2.74493421016118,2.86507658783396,-0.297388499596821,0.313913427572857,-3.29739466582879,,,,,,,,,,,,,,,,,,,2003-07-01,1.76825227253553,1.22227192997871,0.389865690401716,,,1.72966795296974,2.41308876710806,-0.83270499999379,-0.0845562059354279
2003-10-01,2.75217620070976,2.85107095155185,-0.275274423077965,0.853074495576493,-3.41508175912393,,,,,,,,,,,,,,,,,,,2003-10-01,1.77226937268454,1.22446532905752,0.390002392925446,,,1.69307181585265,2.38415842501534,-0.838581037996077,0.371364167814477
2004-01-01,2.66928935798544,2.74301864804355,-0.243424375975026,1.23904472625168,-3.42126988626698,,,,,,,,,,,,,,,,,,,2004-01-01,1.76242264258388,1.22707277767005,0.390099393602022,,,1.661581739624,2.35943469816418,-0.843817869900109,0.543019650272868
2004-04-01,2.63739979293043,2.70975289882102,-0.23999022760941,1.47815005699579,-3.44281324335201,,,,,,,,,,,,,,,,,,,2004-04-01,1.75928801037152,1.22984867781386,0.390173277549643,,,1.63030379570272,2.33511623015865,-0.849272899420468,0.762430196822038
2004-07-01,2.51788211638437,2.72291705180696,-0.373486449006211,1.44803663776258,-2.8441205902473,,,,,,,,,,,,,,,,,,,2004-07-01,1.76067986284308,1.23267281467027,0.3902384678117,,,1.59698883276589,2.30947640454683,-0.855361845410901,1.08664979455898
2004-10-01,2.57150454046118,2.72875627305885,-0.326064485851587,1.84134713833032,-2.37258000728172,,,,,,,,,,,,,,,,,,,2004-10-01,1.76573531853149,1.23550256024391,0.3902934494739,,,1.5606543568488,2.28175458825763,-0.862259512688917,1.45531807176326
2005-01-01,2.68231015368034,2.75474515118066,-0.242855535998027,2.29641624513204,-2.05618524063543,,,,,,,,,,,,,,,,,,,2005-01-01,1.77655717072733,1.2383021576396,0.390359415741552,,,1.52026107566084,2.25045930698715,-0.86942145014186,1.79827669608426
2005-04-01,2.52066611763056,2.6924745409964,-0.338376630581419,2.20328162607939,-1.39182611088841,,,,,,,,,,,,,,,,,,,2005-04-01,1.77248600977922,1.24130198989628,0.390409070900134,,,1.48198962673754,2.22147925683506,-0.876920016733849,1.88236232495251
2005-07-01,2.45284848517625,2.71954525553487,-0.434939689932688,2.01915921224509,-0.708207246023024,,,,,,,,,,,,,,,,,,,2005-07-01,1.77876258804388,1.24425974986888,0.390445270669256,,,1.44004280661113,2.18994399330246,-0.885380664514703,2.02112951546155
2005-10-01,2.49417014894767,2.69079012902288,-0.363083982226493,2.14828775772014,-0.25185624554527,,,,,,,,,,,,,,,,,,,2005-10-01,1.78264745580487,1.24722520013639,0.390426071256564,,,1.39566563402627,2.15785883663638,-0.895687752835187,2.11317704964813
2006-01-01,2.6454037398204,2.83299218179328,-0.362849682735588,2.18511881514553,0.105479845618888,,,,,,,,,,,,,,,,,,,2006-01-01,1.81960065325435,1.24993095415429,0.390464264918459,,,1.33963206876433,2.11598516496585,-0.907257158637955,2.42428418848976
2006-04-01,2.67906487433211,2.73714501636275,-0.227411859498192,2.39949828724878,0.255518881678667,,,,,,,,,,,,,,,,,,,2006-04-01,1.81699190578745,1.25281520288418,0.390540977039439,,,1.28580710296247,2.07635664368703,-0.919002010158542,2.29469473987115
2006-07-01,2.49615075944824,2.69565556661502,-0.366269806488028,1.80069648840924,0.811767004994616,,,,,,,,,,,,,,,,,,,2006-07-01,1.81162627460573,1.2558158170748,0.390625856231345,,,1.23147965959196,2.03774826776743,-0.932332595244047,2.08522924212662
2006-10-01,2.50176894176406,2.79635369029502,-0.467579372562102,1.3579394717442,0.820165716500351,,,,,,,,,,,,,,,,,,,2006-10-01,1.83793640789171,1.2587811459232,0.39092301576101,,,1.16778920010688,1.99200804315104,-0.947453140510862,2.13289871210588
2007-01-01,2.56315445671489,2.74373834205963,-0.350323494669464,1.40005620219313,0.835536339336944,,,,,,,,,,,,,,,,,,,2007-01-01,1.84217433177199,1.26193980569148,0.391456175695604,,,1.10227029889362,1.94606829015764,-0.964190255434022,2.02648674603006
2007-04-01,2.45672985235458,2.79314090338865,-0.50920691806788,0.823390471717289,1.06137456216401,,,,,,,,,,,,,,,,,,,2007-04-01,1.86154953930845,1.26536374906939,0.392469167484789,,,1.0301243820165,1.89588328685444,-0.983046506028934,2.03905090015473
2007-07-01,2.47338846457893,2.80697514788395,-0.507238396984251,0.641953033769141,0.856991522769479,,,,,,,,,,,,,,,,,,,2007-07-01,1.88372721819265,1.26923620040093,0.394183247596419,,,0.952510838972947,1.84227474074261,-1.00373504470589,2.05792435759804
2007-10-01,2.58310377165765,2.81708812634968,-0.408261701285141,0.697837656935349,0.067761256559832,,,,,,,,,,,,,,,,,,,2007-10-01,1.90956777423716,1.27370672917333,0.396813535412894,,,0.870231592585372,1.7846489691718,-1.02482353819643,2.01673044453071
2008-01-01,2.24773016222886,2.64663110815256,-0.562633078626723,0.043468965319903,-1.08359158672267,,,,,,,,,,,,,,,,,,,2008-01-01,1.8800786967442,1.27868629645638,0.39982484693034,,,0.795694877580739,1.73452379749533,-1.04613411999074,1.59076689930089
2008-04-01,2.14268357544666,2.69151978775138,-0.715345354324344,-0.493833132587952,-2.10718751468945,,,,,,,,,,,,,,,,,,,2008-04-01,1.90327881371693,1.28431391370326,0.403632414013225,,,0.717756789056576,1.68015656017366,-1.06634157699431,1.4353675938446
2008-07-01,1.85973195660347,2.45839077774814,-0.750745586775983,-0.727839168256878,-1.81955639367094,,,,,,,,,,,,,,,,,,,2008-07-01,1.85813066548976,1.28984295283031,0.406931396049954,,,0.656151566078665,1.63619617913309,-1.0812668382088,0.754794387701054
2008-10-01,0.990141182371155,1.97786578401443,-1.11008399733673,-2.07397662039523,-2.14708433540593,,,,,,,,,,,,,,,,,,,2008-10-01,1.77658199429326,1.29431007993341,0.407929008565639,,,0.628180395347293,1.61913870433818,-1.09112528442872,-0.633829307559154
2009-01-01,0.783449094933357,1.7335456276517,-1.05734121894571,-2.53847066954734,-2.30351911809014,,,,,,,,,,,,,,,,,,,2009-01-01,1.77978304808865,1.29825545301827,0.407518928627249,,,0.615667666473662,1.6146979598044,-1.09892254496173,-1.58135284337129
2009-04-01,0.940628188954556,1.61142038480952,-0.770481682415173,-2.1030897736839,-2.23700071603696,,,,,,,,,,,,,,,,,,,2009-04-01,1.79946076715433,1.3021325960263,0.406625609329042,,,0.609031171167607,1.61524311761293,-1.10613792391381,-1.91248529904522
2009-07-01,0.910170291091561,1.57187784654179,-0.758950768291699,-1.96049150697127,-2.38414277828804,,,,,,,,,,,,,,,,,,,2009-07-01,1.81491455752598,1.30618100321009,0.405722327285374,,,0.604344082894387,1.61805078799576,-1.11380637729381,-1.80608127730738
2009-10-01,1.15928554886515,1.62079359829357,-0.561777403817319,-1.14459543872601,-2.91488291537211,,,,,,,,,,,,,,,,,,,2009-10-01,1.81510841831014,1.31060984556503,0.405239503167211,,,0.595552614370665,1.61710908029721,-1.12159787997737,-1.34448691356488
2010-01-01,0.973161477423295,1.55555948669018,-0.678631697262787,-0.985782965104477,-2.59627799726682,,,,,,,,,,,,,,,,,,,2010-01-01,1.83385788439349,1.31512946773876,0.40467689652705,,,0.591455404237983,1.62054060735324,-1.12933890638221,-1.01573640708637
2010-04-01,0.947002966082679,1.59526566222474,-0.746952781171059,-0.707918600148446,-2.5713058579542,,,,,,,,,,,,,,,,,,,2010-04-01,1.83977802263161,1.3199397729981,0.404345473725129,,,0.585442487675513,1.62239761625626,-1.13732371451012,-0.533497122690619
2010-07-01,0.847794709887487,1.58951408198902,-0.840053639315376,-0.478113231527573,-2.30126832868443,,,,,,,,,,,,,,,,,,,2010-07-01,1.84912628703374,1.32486863698176,0.404059567235499,,,0.581159181195107,1.62530565910094,-1.14469496803699,-0.149183640556885
2010-10-01,0.823686008570998,1.53747415365899,-0.808902995578083,-0.0670531083338801,-2.26931971722522,,,,,,,,,,,,,,,,,,,2010-10-01,1.86363460721529,1.32975528162155,0.403609762266998,,,0.581739137924341,1.6311590902298,-1.15033056119182,0.0282447784496753
2011-01-01,0.659854320511708,1.36588847549698,-0.79053396776187,0.100482717330237,-2.10042687741661,,,,,,,,,,,,,,,,,,,2011-01-01,1.90623386637507,1.33445816946935,0.402668422454918,,,0.593988623805058,1.64693676944308,-1.15483483050971,-0.115014606993554
2011-04-01,0.785512058276835,1.39959357753877,-0.700666476516459,0.443640731667756,-2.44233089245099,,,,,,,,,,,,,,,,,,,2011-04-01,1.91124313350606,1.33931898919242,0.401897448690747,,,0.605269741054952,1.66116348944477,-1.1586605601519,0.0147365957004695
2011-07-01,0.625773492158015,1.28873417242041,-0.742687391660774,0.486110894430226,-2.30904921584091,,,,,,,,,,,,,,,,,,,2011-07-01,1.94896881679663,1.3441645272893,0.40102456605712,,,0.624292415822904,1.6827101040993,-1.16251746750759,0.00242278534597062
2011-10-01,0.733040703282937,1.41233377176195,-0.766666189661928,0.693110475195226,-2.47193895240052,,,,,,,,,,,,,,,,,,,2011-10-01,1.92956041793938,1.3493135638638,0.400628126967465,,,0.636616366508055,1.69866792939336,-1.16713856272336,0.423904016576557
2012-01-01,0.908306481771707,1.42194014577057,-0.601601077336487,1.42454042641975,-2.69833845222221,,,,,,,,,,,,,,,,,,,2012-01-01,1.92561632237613,1.35454705421148,0.400418027166535,,,0.64886405499433,1.71398523114547,-1.17115577101873,0.758908234295859
2012-04-01,0.77401976738164,1.39133352872074,-0.703387715981643,1.46952176232469,-2.35740187105963,,,,,,,,,,,,,,,,,,,2012-04-01,1.93822983833072,1.35976588277227,0.400166816332266,,,0.665864924607503,1.73246681019181,-1.1737798314628,0.870199568294993
2012-07-01,0.622859216518227,1.3240466598,-0.783098739019051,1.42158719222698,-2.28109254058367,,,,,,,,,,,,,,,,,,,2012-07-01,1.96404428456393,1.36496009134856,0.399819165066836,,,0.689827753799885,1.75622857559103,-1.17504877401605,0.800233708107726
2012-10-01,0.607486743384643,1.26027077356689,-0.730749871701975,1.57992943674401,-2.23963285971933,,,,,,,,,,,,,,,,,,,2012-10-01,1.9922132947719,1.3702631614151,0.399511623099703,,,0.718753797773644,1.78459192121817,-1.17624075581955,0.737969036251684
2013-01-01,0.694498524259786,1.3734087622547,-0.763875288479018,1.68904052479252,-2.2453847063415,,,,,,,,,,,,,,,,,,,2013-01-01,1.97454860301821,1.37569670687961,0.399472435051788,,,0.742872687688049,1.8083374730597,-1.17733642105175,1.00037758713006
2013-04-01,0.57760761077958,1.32152213353487,-0.825669640297515,1.73275069701458,-2.17271775016202,,,,,,,,,,,,,,,,,,,2013-04-01,1.9949002467567,1.3811925893651,0.39951410547573,,,0.772146599570358,1.83669648169563,-1.17817592965031,1.06608839981391
2013-07-01,0.736685145232096,1.38787601170208,-0.737050924044077,2.11387615046965,-2.40416600099629,,,,,,,,,,,,,,,,,,,2013-07-01,1.98600910472688,1.38682017802122,0.399744037062704,,,0.798316906345425,1.86235852286416,-1.17925522972948,1.31397835037694
2013-10-01,0.8312871950696,1.44398691469914,-0.70203104215903,2.4491575311464,-2.45680940278222,,,,,,,,,,,,,,,,,,,2013-10-01,1.97886999276004,1.3924242164327,0.400057106027729,,,0.823668489582339,1.88602581120253,-1.1790350964147,1.51840742833224
2014-01-01,0.56070199303951,1.28439552042344,-0.803151830864664,2.26804359861251,-2.16999633711941,,,,,,,,,,,,,,,,,,,2014-01-01,2.0337942853219,1.39819311300989,0.400442588945748,,,0.860624290249819,1.92059562214642,-1.17878774582957,1.32997298940279
2014-04-01,0.831145417563428,1.46323355714608,-0.722610143278659,2.58370656358818,-2.4967648956333,,,,,,,,,,,,,,,,,,,2014-04-01,2.00572456828269,1.40404141547808,0.401020971972084,,,0.88664976424633,1.94653369182506,-1.18030498352381,1.74637048342152
2014-07-01,0.941838828308971,1.5764636982397,-0.732151783540482,2.90968477788192,-2.50403083363506,,,,,,,,,,,,,,,,,,,2014-07-01,1.98856591859818,1.40980855594081,0.401655252450274,,,0.907222816496938,1.96757588125898,-1.18207588223412,2.20079432918169
2014-10-01,0.851742561849914,1.5545936575564,-0.7990250333037,2.99861316348847,-2.38959855209341,,,,,,,,,,,,,,,,,,,2014-10-01,2.0020908858342,1.41563187702058,0.402354018129493,,,0.930733912969851,1.9914203189217,-1.1838843442368,2.37780085861607
2015-01-01,0.889833525457822,1.63304112245384,-0.844234636596471,3.08071549385932,-2.30504472368402,,,,,,,,,,,,,,,,,,,2015-01-01,1.99829835163674,1.42144731493724,0.4030929069234,,,0.951098750179116,2.0124455855854,-1.18584548830192,2.62307149573144
2015-04-01,1.08602387676595,1.62646161150657,-0.641057737124503,3.67696400230318,-2.56060435253999,,,,,,,,,,,,,,,,,,,2015-04-01,2.00389328553798,1.42728308858673,0.403855292053763,,,0.972427072731711,2.03378066052567,-1.18717212139024,2.71504324070304
2015-07-01,1.05175290030531,1.6142947420324,-0.662409148549738,3.68584977082003,-2.3648900372596,,,,,,,,,,,,,,,,,,,2015-07-01,2.01536099712069,1.43317752582774,0.404649958278792,,,0.996837594883287,2.0570615528327,-1.18748274898728,2.65399669930525
2015-10-01,0.984781442245563,1.5757923801267,-0.688496320827236,3.59047162546733,-2.36801681548414,,,,,,,,,,,,,,,,,,,2015-10-01,2.034096479574,1.4392107764431,0.405528644397754,,,1.02567690325684,2.08391214249845,-1.18715512475417,2.48991113287593
2016-01-01,1.15686441927982,1.6076839264241,-0.550277840107627,3.87707873692739,-2.35457461937964,,,,,,,,,,,,,,,,,,,2016-01-01,2.03926607622626,1.44528814071611,0.406451793804903,,,1.05375115293288,2.10956509217647,-1.18632082800263,2.4453173124258
2016-04-01,1.25428913509698,1.58078934572036,-0.424294727634745,4.13618630600899,-2.45595758251944,,,,,,,,,,,,,,,,,,,2016-04-01,2.05585160227481,1.45152425055677,0.407489268597281,,,1.08440831120529,2.13731555899089,-1.18513090134087,2.33723250472201
2016-07-01,1.28091195006186,1.65266256584772,-0.473991523372553,4.04337680011565,-2.45780863572406,,,,,,,,,,,,,,,,,,,2016-07-01,2.05932267799899,1.45781778258526,0.408589304889188,,,1.11275567261946,2.16274172628841,-1.18378268072447,2.365314178478
2016-10-01,1.23591768413624,1.6816775269883,-0.549795742363853,3.92160047049879,-2.35823145779508,,,,,,,,,,,,,,,,,,,2016-10-01,2.0693486396172,1.46422485475651,0.409803524685107,,,1.14174811335109,2.18828707727263,-1.1819159376995,2.3513338229867
2017-01-01,1.27216653982987,1.69065689455826,-0.523081757044496,3.9942836698184,-2.1523562498273,,,,,,,,,,,,,,,,,,,2017-01-01,2.08287312137869,1.47079166326845,0.411184835006872,,,1.17174852877139,2.21448166349382,-1.17973061974356,2.30726841730086
2017-04-01,1.19143561369147,1.7327027762985,-0.648459706377081,3.72392176331743,-1.72107921830275,,,,,,,,,,,,,,,,,,,2017-04-01,2.09462686252152,1.47749055525268,0.412744392108389,,,1.20114791360041,2.24041683851092,-1.17787087286737,2.31764971650637
2017-07-01,1.22976561952809,1.80836017603778,-0.690467596694934,3.66858059299159,-1.60879354606243,,,,,,,,,,,,,,,,,,,2017-07-01,2.10003852708545,1.48423003546442,0.414425111001793,,,1.22671481495666,2.26372095414807,-1.17704978128625,2.45683652105652
2017-10-01,1.422466749781,1.92711997327072,-0.623873262212261,3.93049888591429,-1.75738441035969,,,,,,,,,,,,,,,,,,,2017-10-01,2.09984770751223,1.49085479338413,0.41610938590893,,,1.24529692501248,2.28117213149515,-1.17699845444945,2.72209681080994
2018-01-01,1.56207019845528,1.96883964386707,-0.528570444745479,4.24236967333263,-1.54368635006149,,,,,,,,,,,,,,,,,,,2018-01-01,2.10950838828575,1.49752242048231,0.417920681327365,,,1.2617790392848,2.29659420034409,-1.17689248540473,2.84110664392188
2018-04-01,1.55033275953649,1.98214237595632,-0.554433580725502,4.17544269199936,-1.07479303026924,,,,,,,,,,,,,,,,,,,2018-04-01,2.12334190463432,1.50436625150833,0.419975612762723,,,1.27856120387911,2.31218497275528,-1.17666560633775,2.79845076907293
2018-07-01,1.4845417818541,2.04073043344203,-0.682437128419546,3.81828104608826,-0.822739098010836,,,,,,,,,,,,,,,,,,,2018-07-01,2.13438705700297,1.51127790900146,0.422239437540321,,,1.29386028393182,2.32600738540792,-1.17604405361375,2.71481609410478
2018-10-01,1.45768701076086,1.99744205839867,-0.66332551696575,3.67416350583221,-0.631784076224535,,,,,,,,,,,,,,,,,,,2018-10-01,2.15148865225833,1.51847131834718,0.424901135979046,,,1.31234714684398,2.34285605777486,-1.17544819535706,2.45150041547322
2019-01-01,1.50010189665683,2.07046843016442,-0.69845473239593,3.41335440816158,-0.529365569998383,,,,,,,,,,,,,,,,,,,2019-01-01,2.16277140702806,1.52566186202719,0.427774940811163,,,1.32647072333172,2.35668289982869,-1.17600684962127,2.38678840072339
2019-04-01,1.62515186026767,2.15793513911973,-0.666282549481243,3.39812635417684,-0.676827074866882,,,,,,,,,,,,,,,,,,,2019-04-01,2.17403986377285,1.53276961371435,0.430802143725246,,,1.3343185754189,2.36612943146,-1.17818993277414,2.47922564673468
2019-07-01,1.73262288857839,2.29783843951141,-0.707369849334962,3.33260058394933,-1.03853668059231,,,,,,,,,,,,,,,,,,,2019-07-01,2.18668943080646,1.53966261991082,0.433917360640738,,,1.33361786473586,2.36842694381211,-1.18133028993451,2.69831629598468
2019-10-01,1.74006161518986,2.32148691762211,-0.725042598735311,3.30236143369928,-1.63169385987701,,,,,,,,,,,,,,,,,,,2019-10-01,2.19684345787265,1.54658058170271,0.437370987479745,,,1.33210191972357,2.3695829162986,-1.18407372092831,2.69453017718854
2020-01-01,1.70033212938791,2.27237821579423,-0.712625304429493,3.22075002204679,-1.99741074426715,,,,,,,,,,,,,,,,,,,2020-01-01,2.28362777314856,1.55320692611121,0.440004239159732,,,1.3340684545533,2.373452659712,-1.18621632870143,2.48123435353705
2020-04-01,1.66738077869412,2.24915593030781,-0.720917737868566,-0.24001051249727,-3.1559427807046,,,,,,,,,,,,,,,,,,,2020-04-01,2.32527485443051,1.56003437990453,0.442720008974229,,,1.33749415087384,2.37889236413505,-1.18856686062237,-0.988660796861018
2020-07-01,1.72871828363797,2.2953248670677,-0.708605381287741,6.02942697795868,-3.39078122419987,,,,,,,,,,,,,,,,,,,2020-07-01,2.39206379224108,1.56653601282492,0.444913161640573,,,1.33715315943,2.38104986895929,-1.19119882953993,5.2567877109733
2020-10-01,1.71214611868257,2.28262341844664,-0.711690330665464,6.77275443688116,-3.1595652055261,,,,,,,,,,,,,,,,,,,2020-10-01,2.41331551326742,1.57342331225546,0.447661417377982,,,1.33766900121619,2.38424956749572,-1.19408063358389,6.00410054839843
2021-01-01,1.83713515061924,2.325382878599,-0.632106045405006,7.43752501480967,-3.27247432799548,,,,,,,,,,,,,,,,,,,2021-01-01,2.4465708891933,1.58024376275614,0.450745726223227,,,1.33459999324354,2.38424651193103,-1.19714639696131,6.51945959706641
2021-04-01,1.93467468104135,2.27389383691524,-0.479892136823728,7.86842439572008,-2.0290219790185,,,,,,,,,,,,,,,,,,,2021-04-01,2.45128112865094,1.58733581524188,0.45442706482279,,,1.33236394624195,2.38492880009693,-1.20010694144773,6.45929362726936
2021-07-01,1.93297484917864,2.27328361011689,-0.480943990599363,7.62832340029316,-0.961178587777716,,,,,,,,,,,,,,,,,,,2021-07-01,2.480523409414,1.59453131233103,0.458559285790726,,,1.32975382967644,2.38619456482092,-1.20406112845847,6.28740377917605
2021-10-01,2.20213919179416,2.47521241293901,-0.426200646427177,7.96269415091745,0.207047960452292,,,,,,,,,,,,,,,,,,,2021-10-01,2.54565217648384,1.60089623332928,0.462653942880117,,,1.31656983375134,2.37656286682004,-1.20701756757547,6.74975583420308
2022-01-01,1.92423428893928,2.18056488614349,-0.391229842590478,7.76518005894313,-4.77370526315966,,,,,,,,,,,,,,,,,,,2022-01-01,2.56031247375781,1.60785034458432,0.467305783127341,,,1.31874590915907,2.37835488769096,-1.20674437525823,5.56428293459025
2022-04-01,1.59339473162424,2.00591888452999,-0.536619035634842,6.56696242899428,-4.40804525713314,,,,,,,,,,,,,,,,,,,2022-04-01,2.57780056979745,1.61536022979358,0.472503566414179,,,1.33152036349816,2.38925328761754,-1.20554254335354,4.21050972475231
2022-07-01,1.73635535909862,2.12071395220027,-0.515555198921487,6.10210102874344,-3.87717784658245,,,,,,,,,,,,,,,,,,,2022-07-01,2.61906203537206,1.62281030387788,0.478126292539889,,,1.33929921262219,2.39550704242402,-1.20440433355826,3.90531566532416
2022-10-01,1.70338722925824,2.12607783333536,-0.554219042956394,5.89470295333906,-2.50155054202173,,,,,,,,,,,,,,,,,,,2022-10-01,2.64527323662796,1.63063113779643,0.484678155442686,,,1.34805873435058,2.402077092484,-1.2026213138147,3.70517686355647
2023-01-01,1.67781143547582,2.13015080941016,-0.584119784861072,5.69131480029171,-1.2525315909027,,,,,,,,,,,,,,,,,,,2023-01-01,2.65902645579663,1.63890409923908,0.492340372661701,,,1.35824224553523,2.40951515554371,-1.20033601668103,3.52734640097435
2023-04-01,1.56463992962921,2.15344019596237,-0.722021460192498,5.10350097222436,-0.147818333086575,,,,,,,,,,,,,,,,,,,2023-04-01,2.6641595657222,1.64765964030581,0.501171318061742,,,1.36896302794053,2.41787792007398,-1.19849535585951,3.32659702778885
2023-07-01,1.42966175475644,2.31805361592375,-1.03179675846714,3.94485359700795,1.49696974718378,,,,,,,,,,,,,,,,,,,2023-07-01,2.67151196048469,1.65664039137943,0.511073325872849,,,1.37378303312542,2.42145836165409,-1.19747729397219,3.27842451250817
2023-10-01,1.29629967239336,2.39014709268202,-1.24171233419876,3.11300421870512,2.24481436855394,,,,,,,,,,,,,,,,,,,2023-10-01,2.67537002418534,1.66592830331933,0.52211185539761,,,1.37648750272558,2.42322789425,-1.19665182796483,3.08090924894306
2024-01-01,1.39134684059438,2.3617211047019,-1.11648062253861,3.01015789632022,0.999216786030039,,,,,,,,,,,,,,,,,,,2024-01-01,2.67628616443913,1.6756558850643,0.53436371726792,,,1.379525141883,2.42576899522627,-1.19631249336259,2.66935909389219
2024-04-01,1.36959296154476,2.44063175482188,-1.22202690836758,2.28570751038125,1.16266773638648,,,,,,,,,,,,,,,,,,,2024-04-01,2.68683596077515,1.68570036349818,0.547802527833657,,,1.37823158149638,2.42503400988402,-1.19682559901109,2.37865623748848
2024-07-01,1.30606771522094,2.49377745411959,-1.34198567852317,1.66344911973583,2.02998524102321,,,,,,,,,,,,,,,,,,,2024-07-01,2.70144562622029,1.69616304720573,0.562518290417112,,,1.37430008375748,2.42214636184119,-1.19769080621668,2.14168291778246
2024-10-01,1.33658078870126,2.49584858774533,-1.31367186801937,1.4028821319068,0.985716388562194,,,,,,,,,,,,,,,,,,,2024-10-01,2.708862159247,1.70715786348845,0.578589672442071,,,1.37029049410987,2.41878385194852,-1.19812986645795,1.80158475016421
2025-01-01,1.37029049410987,2.41878385194852,-1.19812986645794,1.30266926113461,-0.00132665891187833,,,,,,,,,,,,,,,,,,,2025-01-01,2.69448189410464,1.70715786348845,0.578589672442071,,,1.37029049410987,2.41878385194852,-1.19812986645794,1.30266926113461
